{"services":[{"vessel":"NAVE ZENIT","duration_minutes":null,"periods":[{"from":"2025-06-14","to":"2025-07-12"}],"schedules":[{"direction":"Termoli -> Tremiti (San Domino)","days":"All","departure_time":"08:50"},{"direction":"Tremiti (San Domino) -> Termoli","days":"All","departure_time":"17:55"}],"contacts":null,"ticket_url":"https://tremitinow.it/cGFnZS85"},{"vessel":"NAVE ZENIT","duration_minutes":null,"periods":[{"from":"2025-07-13","to":"2025-07-20"}],"schedules":[{"direction":"Termoli -> Tremiti (San Domino)","days":"Monday-Saturday","departure_time":"08:50"},{"direction":"Tremiti (San Domino) -> Termoli","days":"Monday-Saturday","departure_time":"17:55"},{"direction":"Termoli -> Tremiti (San Domino)","days":"Sunday","departure_time":"08:20"},{"direction":"Termoli -> Tremiti (San Domino)","days":"Sunday","departure_time":"10:55"},{"direction":"Termoli -> Tremiti (San Domino)","days":"Sunday","departure_time":"17:20"},{"direction":"Tremiti (San Domino) -> Termoli","days":"Sunday","departure_time":"09:40"},{"direction":"Tremiti (San Domino) -> Termoli","days":"Sunday","departure_time":"16:10"},{"direction":"Tremiti (San Domino) -> Termoli","days":"Sunday","departure_time":"18:40"}],"contacts":null,"ticket_url":"https://tremitinow.it/cGFnZS85"},{"vessel":"NAVE ZENIT","duration_minutes":null,"periods":[{"from":"2025-07-21","to":"2025-08-10"}],"schedules":[{"direction":"Termoli -> Tremiti (San Domino)","days":"Monday-Friday","departure_time":"08:50"},{"direction":"Tremiti (San Domino) -> Termoli","days":"Monday-Friday","departure_time":"17:55"},{"direction":"Termoli -> Tremiti (San Domino)","days":"Saturday-Sunday","departure_time":"08:20"},{"direction":"Termoli -> Tremiti (San Domino)","days":"Saturday-Sunday","departure_time":"10:55"},{"direction":"Termoli -> Tremiti (San Domino)","days":"Saturday-Sunday","departure_time":"17:20"},{"direction":"Tremiti (San Domino) -> Termoli","days":"Saturday-Sunday","departure_time":"09:40"},{"direction":"Tremiti (San Domino) -> Termoli","days":"Saturday-Sunday","departure_time":"16:10"},{"direction":"Tremiti (San Domino) -> Termoli","days":"Saturday-Sunday","departure_time":"18:40"}],"contacts":null,"ticket_url":"https://tremitinow.it/cGFnZS85"},{"vessel":"NAVE ZENIT","duration_minutes":null,"periods":[{"from":"2025-08-11","to":"2025-08-24"}],"schedules":[{"direction":"Termoli -> Tremiti (San Domino)","days":"All","departure_time":"08:20"},{"direction":"Termoli -> Tremiti (San Domino)","days":"All","departure_time":"10:55"},{"direction":"Termoli -> Tremiti (San Domino)","days":"All","departure_time":"17:20"},{"direction":"Tremiti (San Domino) -> Termoli","days":"All","departure_time":"09:40"},{"direction":"Tremiti (San Domino) -> Termoli","days":"All","departure_time":"16:10"},{"direction":"Tremiti (San Domino) -> Termoli","days":"All","departure_time":"18:40"}],"contacts":null,"ticket_url":"https://tremitinow.it/cGFnZS85"},{"vessel":"NAVE ZENIT","duration_minutes":null,"periods":[{"from":"2025-08-15","to":"2025-08-15"}],"schedules":[{"direction":"Termoli -> Tremiti (San Domino)","days":"Friday","departure_time":"08:20"},{"direction":"Termoli -> Tremiti (San Domino)","days":"Friday","departure_time":"10:55"},{"direction":"Tremiti (San Domino) -> Termoli","days":"Friday","departure_time":"09:40"},{"direction":"Tremiti (San Domino) -> Termoli","days":"Friday","departure_time":"17:10"}],"contacts":null,"ticket_url":"https://tremitinow.it/cGFnZS85"},{"vessel":"NAVE ZENIT","duration_minutes":null,"periods":[{"from":"2025-08-25","to":"2025-08-31"}],"schedules":[{"direction":"Termoli -> Tremiti (San Domino)","days":"Monday-Saturday","departure_time":"08:50"},{"direction":"Tremiti (San Domino) -> Termoli","days":"Monday-Saturday","departure_time":"17:55"},{"direction":"Termoli -> Tremiti (San Domino)","days":"Sunday","departure_time":"08:20"},{"direction":"Termoli -> Tremiti (San Domino)","days":"Sunday","departure_time":"10:55"},{"direction":"Termoli -> Tremiti (San Domino)","days":"Sunday","departure_time":"17:20"},{"direction":"Tremiti (San Domino) -> Termoli","days":"Sunday","departure_time":"09:40"},{"direction":"Tremiti (San Domino) -> Termoli","days":"Sunday","departure_time":"16:10"},{"direction":"Tremiti (San Domino) -> Termoli","days":"Sunday","departure_time":"18:40"}],"contacts":null,"ticket_url":"https://tremitinow.it/cGFnZS85"}]}
