[{"title":"Parrocchia Santa Maria a Mare","id":152,"email":null,"web":null,"lat":null,"lng":null,"phone":null,"facebook":"https://www.facebook.com/Parrocchiaisoletremiti","instagram":null,"category":[{"category":{"category":"Servizi"}}],"link":"https://tremitinow.it/cGFnZS8xNTI="},{"title":"Capitan Basso Tour","id":165,"email":"intourconcapitanbasso@gmail.com","web":null,"lat":null,"lng":null,"phone":"3803460307","facebook":"https://www.facebook.com/intourconcapitanbasso/","instagram":"Tour dell'arcipelago delle Isole Tremiti (San Domino, San Nicola, Capraia) per 8/10 persone.","category":[{"category":{"category":"Escursioni in mare"}}],"link":"https://tremitinow.it/cGFnZS8xNjU="},{"title":"Il Pirata","id":135,"email":null,"web":null,"lat":42.11992369209092,"lng":15.496596820072241,"phone":null,"facebook":null,"instagram":null,"category":[{"category":{"category":"Bar"}},{"category":{"category":"Lidi"}}],"link":"https://tremitinow.it/cGFnZS8xMzU="},{"title":"Antonia's Home","id":140,"email":"antoniashome@gmail.com","web":null,"lat":42.1201602,"lng":15.4921207,"phone":"+393451719389","facebook":"https://www.facebook.com/antoniashomeisoletremiti","instagram":"https://instagram.com/antoniashomeisoletremiti?igshid=YmMyMTA2M2Y=","category":[{"category":{"category":"Appartamenti & B&B"}}],"link":"https://tremitinow.it/cGFnZS8xNDA="},{"title":"Rondinelle","id":19,"email":"info@bbrondinelle.it","web":"https://www.bbrondinelle.it/","lat":42.112138,"lng":15.4864931,"phone":"3493956021","facebook":"https://www.facebook.com/rondinelle.it","instagram":null,"category":[{"category":{"category":"Appartamenti & B&B"}}],"link":"https://tremitinow.it/cGFnZS8xOQ=="},{"title":"Hotel Eden","id":24,"email":"info@hoteledentremiti.it","web":"www.hoteledentremiti.it","lat":42.1155333,"lng":15.491275,"phone":"0882 463211","facebook":"https://www.facebook.com/hoteledenisoletremiti","instagram":"https://www.instagram.com/hoteledentremiti/","category":[{"category":{"category":"Hotel"}}],"link":"https://tremitinow.it/cGFnZS8yNA=="},{"title":"GSTravel","id":9,"email":null,"web":null,"lat":null,"lng":null,"phone":null,"facebook":null,"instagram":null,"category":[{"category":{"category":"Trasporti"}}],"link":"https://tremitinow.it/cGFnZS85"},{"title":"Tremiti Vista Mare","id":155,"email":null,"web":"https://www.ingozzoconbasso.it/","lat":42.118874362166686,"lng":15.498842375671389,"phone":"3404227760","facebook":null,"instagram":"https://www.instagram.com/tremiti_vista_mare/","category":[{"category":{"category":"Escursioni in mare"}}],"link":"https://tremitinow.it/cGFnZS8xNTU="},{"title":"Mariolina","id":107,"email":null,"web":null,"lat":null,"lng":null,"phone":"3388528133","facebook":null,"instagram":null,"category":[{"category":{"category":"Appartamenti & B&B"}}],"link":"https://tremitinow.it/cGFnZS8xMDc="},{"title":"Only One - Apnea Center - A.D.S.","id":70,"email":"tremiti@onlyoneapneacenter.com","web":"https://www.onlyoneapneacenter.com/","lat":42.119720230309575,"lng":15.477413475573094,"phone":"3421811119","facebook":"https://www.facebook.com/onlyone.apneacenter","instagram":"https://www.instagram.com/onlyoneapneacenter/","category":[{"category":{"category":"Diving"}}],"link":"https://tremitinow.it/cGFnZS83MA=="},{"title":"A' Smerza","id":73,"email":null,"web":null,"lat":42.117413,"lng":15.4937394,"phone":null,"facebook":null,"instagram":null,"category":[{"category":{"category":"Ristoranti/pizzerie"}},{"category":{"category":"Bar"}},{"category":{"category":"Locali"}}],"link":"https://tremitinow.it/cGFnZS83Mw=="},{"title":"fishandtrip","id":203,"email":null,"web":null,"lat":42.117670702713696,"lng":15.49769713371876,"phone":"3892118964","facebook":null,"instagram":"https://www.instagram.com/fishandtrip23","category":[{"category":{"category":"Escursioni in mare"}}],"link":"https://tremitinow.it/cGFnZS8yMDM="},{"title":"In barca con Roberto","id":79,"email":"cala0912@icloud.com","web":null,"lat":42.119179756098774,"lng":15.501975195800783,"phone":"3335948759","facebook":"https://www.facebook.com/profile.php?id=100069505130906","instagram":null,"category":[{"category":{"category":"Escursioni in mare"}}],"link":"https://tremitinow.it/cGFnZS83OQ=="},{"title":"Tremiti Crew","id":85,"email":null,"web":null,"lat":42.11992980530767,"lng":15.497254507934572,"phone":"3895181308","facebook":null,"instagram":null,"category":[{"category":{"category":"Escursioni in mare"}}],"link":"https://tremitinow.it/cGFnZS84NQ=="},{"title":"Caicco Esat","id":147,"email":"caiccoesat@gmail.com","web":"https://caiccoesat.wixsite.com/website","lat":42.11674402446485,"lng":15.499915259277346,"phone":"3335309096","facebook":null,"instagram":null,"category":[{"category":{"category":"Escursioni in mare"}}],"link":"https://tremitinow.it/cGFnZS8xNDc="},{"title":"Villa Olimpia b&b","id":157,"email":"o.carducci57@gmail.com","web":"https://www.isole-tremiti-villa-olimpia.it/","lat":42.1198951,"lng":15.4946886,"phone":"3937588710","facebook":null,"instagram":null,"category":[{"category":{"category":"Appartamenti & B&B"}}],"link":"https://tremitinow.it/cGFnZS8xNTc="},{"title":"Benedettini","id":139,"email":null,"web":null,"lat":42.117345571993184,"lng":15.483933764386885,"phone":null,"facebook":null,"instagram":null,"category":[{"category":{"category":"Lidi"}}],"link":"https://tremitinow.it/cGFnZS8xMzk="},{"title":"Hanif","id":129,"email":null,"web":null,"lat":42.12008358096673,"lng":15.496132378901398,"phone":"3885874656","facebook":null,"instagram":null,"category":[{"category":{"category":"Negozi"}}],"link":"https://tremitinow.it/cGFnZS8xMjk="},{"title":"Il Nido","id":104,"email":null,"web":"https://www.lovelyitalia.it/alloggi/134825/il-nido/","lat":42.119912,"lng":15.503682,"phone":"3894645992","facebook":null,"instagram":null,"category":[{"category":{"category":"Appartamenti & B&B"}}],"link":"https://tremitinow.it/cGFnZS8xMDQ="},{"title":"B&B Ghibli","id":158,"email":"infoghiblibed@gmail.com","web":null,"lat":42.11422164784705,"lng":15.488549832078293,"phone":"3391216876","facebook":"https://www.facebook.com/profile.php?id=100089853891694","instagram":"https://www.instagram.com/bebghiblitremiti","category":[{"category":{"category":"Appartamenti & B&B"}}],"link":"https://tremitinow.it/cGFnZS8xNTg="},{"title":"La Riccia guest house","id":86,"email":"info@laricciadelletremiti.it","web":"https://www.laricciadelletremiti.it/it/content/6-la-riccia-guest-house","lat":42.12065640698854,"lng":15.504120506594514,"phone":"3489171971","facebook":null,"instagram":null,"category":[{"category":{"category":"Appartamenti & B&B"}}],"link":"https://tremitinow.it/cGFnZS84Ng=="},{"title":"Conad","id":80,"email":null,"web":null,"lat":42.1138328,"lng":15.4900591,"phone":null,"facebook":null,"instagram":null,"category":[{"category":{"category":"Alimentari"}}],"link":"https://tremitinow.it/cGFnZS84MA=="},{"title":"Parrucchiera La Patty","id":81,"email":"trigaripatricia0@gmail.com","web":null,"lat":42.1140861,"lng":15.4873504,"phone":null,"facebook":null,"instagram":null,"category":[{"category":{"category":"Servizi"}}],"link":"https://tremitinow.it/cGFnZS84MQ=="},{"title":"Casa Margherita","id":143,"email":"margherita.buonomo@gmail.com","web":"https://www.airbnb.it/rooms/12963644","lat":42.11229194142928,"lng":15.486467619014363,"phone":null,"facebook":"https://www.facebook.com/profile.php?id=100008078117784","instagram":null,"category":[{"category":{"category":"Appartamenti & B&B"}}],"link":"https://tremitinow.it/cGFnZS8xNDM="},{"title":"_schickk__bild","id":153,"email":"Igor52shik@gmail.com","web":null,"lat":42.11547761516175,"lng":15.492728857156282,"phone":null,"facebook":null,"instagram":"https://www.instagram.com/_schickk__bild","category":[{"category":{"category":"Made in Tremiti"}}],"link":"https://tremitinow.it/cGFnZS8xNTM="},{"title":"Hotel Kyrie ","id":159,"email":null,"web":"hotelkyrieisoletremiti.it","lat":null,"lng":null,"phone":"0882463232","facebook":null,"instagram":null,"category":[{"category":{"category":"Hotel"}}],"link":"https://tremitinow.it/cGFnZS8xNTk="},{"title":"Da Elio Fish Bar&Restaurant","id":15,"email":"daelioisoletremiti@gmail.com","web":null,"lat":42.116725861733045,"lng":15.48829878162211,"phone":"3387780187","facebook":"https://www.facebook.com/daElioFishBar","instagram":null,"category":[{"category":{"category":"Ristoranti/pizzerie"}}],"link":"https://tremitinow.it/cGFnZS8xNQ=="},{"title":"LAMU TANYA gioielli","id":27,"email":"lamugioielli@yahoo.com","web":"https://etsy.com/it/shop/LamuTanyagioielli","lat":42.116153893891315,"lng":15.491660180985644,"phone":"3929840329","facebook":"https://www.facebook.com/lamutanyagioielli","instagram":"https://www.instagram.com/lamu_tanya_gioielli","category":[{"category":{"category":"Made in Tremiti"}},{"category":{"category":"Negozi"}}],"link":"https://tremitinow.it/cGFnZS8yNw=="},{"title":"Lo Scrigno","id":21,"email":"antonio.tremiti@gmail.com","web":"https://www.loscrignotremiti.com","lat":42.1160592,"lng":15.4916347,"phone":"3200881137","facebook":"https://www.facebook.com/loscrignotremiti","instagram":"https://www.instagram.com/lo_scrigno_isole_tremiti","category":[{"category":{"category":"Appartamenti & B&B"}}],"link":"https://tremitinow.it/cGFnZS8yMQ=="},{"title":"Relais Al Faro","id":68,"email":"relaisalfaro@gmail.com","web":"https://www.alfarotremiti.it","lat":42.11290989999999,"lng":15.489159,"phone":"3477314783","facebook":null,"instagram":null,"category":[{"category":{"category":"Appartamenti & B&B"}}],"link":"https://tremitinow.it/cGFnZS82OA=="},{"title":"CENTRO INFORMAZIONI ","id":7,"email":"salvatoretremiti@icloud.com","web":null,"lat":42.1164266,"lng":15.4914891,"phone":"3408836502","facebook":"https://www.facebook.com/fuffytremiti","instagram":null,"category":[{"category":{"category":"Attività varie"}},{"category":{"category":"Notizie"}},{"category":{"category":"Servizi"}}],"link":"https://tremitinow.it/cGFnZS83"},{"title":"Le case dei confinati","id":64,"email":"luca.petrelli@unicam.it","web":null,"lat":42.1201571,"lng":15.5042984,"phone":"3452204715","facebook":null,"instagram":null,"category":[{"category":{"category":"Appartamenti & B&B"}}],"link":"https://tremitinow.it/cGFnZS82NA=="},{"title":"Isola Verde","id":55,"email":"bb.isolaverde@tiscali.it","web":"www.isolaverdetremiti.it","lat":42.11910040000001,"lng":15.4936684,"phone":"3341380795","facebook":"https://www.facebook.com/profile.php?id=100063496569787","instagram":"https://www.instagram.com/bbisolaverde","category":[{"category":{"category":"Appartamenti & B&B"}}],"link":"https://tremitinow.it/cGFnZS81NQ=="},{"title":"Motoveliero Olandese Volante","id":154,"email":"cassiopeatremiti@gmail.com","web":null,"lat":42.12237088542872,"lng":15.501846449768069,"phone":"+393386414953","facebook":"https://www.facebook.com/profile.php?id=100083685594150","instagram":null,"category":[{"category":{"category":"Escursioni in mare"}}],"link":"https://tremitinow.it/cGFnZS8xNTQ="},{"title":"B&B DA TIZZY","id":71,"email":"tizianafentini@icloud.com","web":null,"lat":null,"lng":null,"phone":"3313776576","facebook":null,"instagram":null,"category":[{"category":{"category":"Appartamenti & B&B"}}],"link":"https://tremitinow.it/cGFnZS83MQ=="},{"title":"Hotel San Domino","id":37,"email":"hdomino@tiscali.it","web":"www.hotelsandomino.com","lat":42.1163786,"lng":15.4894355,"phone":"0882463430","facebook":"https://www.facebook.com/hotelsandomino","instagram":"https://www.instagram.com/hotelsandomino/","category":[{"category":{"category":"Hotel"}},{"category":{"category":"Ristoranti/pizzerie"}}],"link":"https://tremitinow.it/cGFnZS8zNw=="},{"title":"La casa di Gino","id":43,"email":"bb@hotel-gabbiano.com","web":"https://www.hotel-gabbiano.com/bed-and-breakfast-la-casa-di-gino-isole-tremiti/","lat":42.1197702,"lng":15.5037307,"phone":"3894846980","facebook":"https://www.facebook.com/laCasadiGino","instagram":"https://www.instagram.com/gabbianotremiti/","category":[{"category":{"category":"Appartamenti & B&B"}}],"link":"https://tremitinow.it/cGFnZS80Mw=="},{"title":"NLG","id":10,"email":"customercare@navlib.it","web":"https://www.nlg.it/destinazioni/isole-tremiti/","lat":null,"lng":null,"phone":"0815520763","facebook":"https://www.facebook.com/NLGLINEAJET","instagram":"https://www.instagram.com/nlg_navigazione_libera_golfo","category":[{"category":{"category":"Trasporti"}}],"link":"https://tremitinow.it/cGFnZS8xMA=="},{"title":"Junior","id":100,"email":null,"web":"https://beb.it/junior/it","lat":42.119126823267734,"lng":15.493513327196169,"phone":"328811870","facebook":null,"instagram":null,"category":[{"category":{"category":"Appartamenti & B&B"}}],"link":"https://tremitinow.it/cGFnZS8xMDA="},{"title":"La Meridiana","id":204,"email":null,"web":"https://www.lameridianatremiti.it/","lat":42.11418518958652,"lng":15.489661701457408,"phone":"0882306098","facebook":null,"instagram":null,"category":[{"category":{"category":"Hotel"}}],"link":"https://tremitinow.it/cGFnZS8yMDQ="},{"title":"Touring Club Italiano","id":161,"email":null,"web":"http://www.villaggi.touringclub.it/puglia/tci-tremiti.cfm","lat":42.11663499999999,"lng":15.486388,"phone":"0882463402","facebook":"https://www.facebook.com/share/14xnyLp9oR/","instagram":"https://www.instagram.com/touringclub?igsh=MXZ4ZzkxanhzM3U5","category":[{"category":{"category":"Villaggi"}}],"link":"https://tremitinow.it/cGFnZS8xNjE="},{"title":"Tremiti Trails","id":162,"email":"francesco@mmtrails.it","web":"www.mmtrails.it","lat":42.11448575776252,"lng":15.49103400983907,"phone":"3496607468","facebook":"https://www.facebook.com/profile.php?id=61562039753905","instagram":"https://www.instagram.com/mmtrails.it?igsh=MXVocmtwZDA0cTJhaA==","category":[{"category":{"category":"Escursioni in mare"}}],"link":"https://tremitinow.it/cGFnZS8xNjI="},{"title":"NaviTremiti","id":38,"email":"info@navitremiti.com","web":"https://nla-tremitinow.liknoss.com/app","lat":41.94953411515984,"lng":16.00992784864056,"phone":"0884962732","facebook":"https://www.facebook.com/navitremiti/","instagram":"https://www.instagram.com/navitremiti/","category":[{"category":{"category":"Trasporti"}}],"link":"https://tremitinow.it/cGFnZS8zOA=="},{"title":"Hotel Gabbiano","id":42,"email":"info@hotel-gabbiano.com","web":"https://www.hotel-gabbiano.com/","lat":42.11438059999999,"lng":15.4908885,"phone":"0882463410","facebook":"https://www.facebook.com/GabbianoTremiti","instagram":"https://www.instagram.com/gabbianotremiti/","category":[{"category":{"category":"Hotel"}},{"category":{"category":"Ristoranti/pizzerie"}}],"link":"https://tremitinow.it/cGFnZS80Mg=="},{"title":"GioggiaBalloons","id":150,"email":null,"web":null,"lat":42.114399539350515,"lng":15.49018720827528,"phone":"3295877874","facebook":"https://www.facebook.com/share/ngraTbduJ4Uf8bxT/?mibextid=K35XfP","instagram":"https://www.instagram.com/gioggiaballoons?igsh=ZTAyYmhobjY1ajFy&utm_source=qr","category":[{"category":{"category":"Attività varie"}}],"link":"https://tremitinow.it/cGFnZS8xNTA="},{"title":"A Furmicula discorestaurant","id":39,"email":"alessandrogreco85@virgilio.it","web":"http://www.leviole.com/la-furmicula-ristorante-pizzeria-isole-tremiti","lat":42.1140861,"lng":15.4873504,"phone":"+393490989801","facebook":"https://www.facebook.com/afurmicula","instagram":"https://www.instagram.com/afurmicula_isole_tremiti","category":[{"category":{"category":"Ristoranti/pizzerie"}},{"category":{"category":"Bar"}},{"category":{"category":"Locali"}}],"link":"https://tremitinow.it/cGFnZS8zOQ=="},{"title":"La Nassa","id":205,"email":"titty1990gio@yahoo.it","web":null,"lat":null,"lng":null,"phone":"0882463345","facebook":null,"instagram":null,"category":[{"category":{"category":"Appartamenti & B&B"}}],"link":"https://tremitinow.it/cGFnZS8yMDU="},{"title":"Residence Bel Mare","id":206,"email":null,"web":null,"lat":null,"lng":null,"phone":"3493993579","facebook":null,"instagram":null,"category":[{"category":{"category":"Appartamenti & B&B"}}],"link":"https://tremitinow.it/cGFnZS8yMDY="},{"title":"Sunset Bay","id":151,"email":"sunsetbaytremiti@gmail.com","web":null,"lat":42.12018357675107,"lng":15.487922400165868,"phone":"3293091324","facebook":null,"instagram":"https://www.instagram.com/sunsetbay.isoletremiti?igsh=MXJhZjRjbW03bGRteA==","category":[{"category":{"category":"Lidi"}}],"link":"https://tremitinow.it/cGFnZS8xNTE="},{"title":"Belvedere","id":34,"email":"arturosantoro@virgilio.it","web":null,"lat":42.11480681905445,"lng":15.491050572485724,"phone":"3494535220","facebook":"https://www.facebook.com/profile.php?id=100051291381453","instagram":"","category":[{"category":{"category":"Appartamenti & B&B"}},{"category":{"category":"Ristoranti/pizzerie"}},{"category":{"category":"Bar"}}],"link":"https://tremitinow.it/cGFnZS8zNA=="},{"title":"Taxi Fabio","id":108,"email":null,"web":null,"lat":42.114700283373054,"lng":15.490121415019757,"phone":"3488036023","facebook":null,"instagram":null,"category":[{"category":{"category":"Taxi"}}],"link":"https://tremitinow.it/cGFnZS8xMDg="},{"title":"Mare e stelle","id":83,"email":null,"web":"www.marestelle.com","lat":42.11929839447534,"lng":15.497375208322497,"phone":"3714891806","facebook":"https://www.facebook.com/tremitimarestelle","instagram":"https://www.instagram.com/tremitimarestelle/","category":[{"category":{"category":"Escursioni in mare"}}],"link":"https://tremitinow.it/cGFnZS84Mw=="},{"title":"Blu Tremiti","id":75,"email":"info@blutremiti.it","web":"blutremiti.it","lat":42.12020794209577,"lng":15.498323379191476,"phone":"3497319260","facebook":"https://www.facebook.com/blutremiti","instagram":null,"category":[{"category":{"category":"Escursioni in mare"}}],"link":"https://tremitinow.it/cGFnZS83NQ=="},{"title":"Zio Bito","id":101,"email":null,"web":"https://www.bedandbreakfastisoletremiti.it/dabito/","lat":42.116422480866795,"lng":15.4920721978141,"phone":"3343933609","facebook":null,"instagram":null,"category":[{"category":{"category":"Appartamenti & B&B"}}],"link":"https://tremitinow.it/cGFnZS8xMDE="},{"title":"Meteo","id":8,"email":null,"web":null,"lat":null,"lng":null,"phone":null,"facebook":null,"instagram":null,"category":[{"category":{"category":"Meteo"}}],"link":"https://tremitinow.it/cGFnZS84"},{"title":"Skipper_one","id":119,"email":null,"web":null,"lat":42.1173354328897,"lng":15.50030149737549,"phone":"3288765002","facebook":"https://www.facebook.com/Skipperonetremiti/","instagram":null,"category":[{"category":{"category":"Escursioni in mare"}}],"link":"https://tremitinow.it/cGFnZS8xMTk="},{"title":"La Cambusa","id":131,"email":null,"web":null,"lat":42.11956137561088,"lng":15.502700290424087,"phone":"0882463017","facebook":"https://www.facebook.com/people/La-Cambusa-Souvenir/100032867452049/","instagram":null,"category":[{"category":{"category":"Negozi"}},{"category":{"category":"Tabacchi"}}],"link":"https://tremitinow.it/cGFnZS8xMzE="},{"title":"Il Greco","id":133,"email":null,"web":null,"lat":42.11321765314685,"lng":15.489468145718623,"phone":"","facebook":null,"instagram":null,"category":[{"category":{"category":"Negozi"}}],"link":"https://tremitinow.it/cGFnZS8xMzM="},{"title":"Il Capannone","id":103,"email":null,"web":"","lat":42.1128045,"lng":15.488516,"phone":"3391623746","facebook":null,"instagram":null,"category":[{"category":{"category":"Appartamenti & B&B"}}],"link":"https://tremitinow.it/cGFnZS8xMDM="},{"title":"Riserva Marina Isole Tremiti","id":12,"email":null,"web":null,"lat":null,"lng":null,"phone":null,"facebook":null,"instagram":null,"category":[{"category":{"category":"Servizi"}}],"link":"https://tremitinow.it/cGFnZS8xMg=="},{"title":"Tony Joz","id":56,"email":null,"web":null,"lat":null,"lng":null,"phone":null,"facebook":null,"instagram":null,"category":[{"category":{"category":"Attività varie"}}],"link":"https://tremitinow.it/cGFnZS81Ng=="},{"title":"Luna Matana","id":60,"email":null,"web":null,"lat":42.1145111,"lng":15.4899365,"phone":"3208641328","facebook":"https://facebook.com/148209929233746/","instagram":"https://www.instagram.com/luna_matana_tremiti/?hl=it","category":[{"category":{"category":"Bar"}},{"category":{"category":"Ristoranti/pizzerie"}},{"category":{"category":"Gelaterie & Dolci"}}],"link":"https://tremitinow.it/cGFnZS82MA=="},{"title":"Tremiti a bordo","id":89,"email":"info@tremitiabordo.it","web":"https://www.tremitiabordo.it/","lat":42.11509670628473,"lng":15.490917242869736,"phone":"3395842544","facebook":"https://www.facebook.com/tremitiabordo","instagram":null,"category":[{"category":{"category":"Escursioni in mare"}}],"link":"https://tremitinow.it/cGFnZS84OQ=="},{"title":"Selvatico","id":16,"email":"acheronzia@hotmail.it","web":null,"lat":null,"lng":null,"phone":null,"facebook":null,"instagram":"https://instagram.com/selvatico_isole_tremiti?igshid=YmMyMTA2M2Y=","category":[{"category":{"category":"Made in Tremiti"}}],"link":"https://tremitinow.it/cGFnZS8xNg=="},{"title":"In gozzo con Domenico","id":120,"email":null,"web":null,"lat":42.12206053327213,"lng":15.50279058734131,"phone":"3510901373","facebook":null,"instagram":null,"category":[{"category":{"category":"Escursioni in mare"}}],"link":"https://tremitinow.it/cGFnZS8xMjA="},{"title":"Boutique La Vela","id":132,"email":null,"web":null,"lat":42.114464193705594,"lng":15.490058832616178,"phone":null,"facebook":null,"instagram":null,"category":[{"category":{"category":"Negozi"}}],"link":"https://tremitinow.it/cGFnZS8xMzI="},{"title":"La Vela","id":76,"email":"info@hotel-lavela.it","web":"https://www.hotel-lavela.it/","lat":42.1165396,"lng":15.49240780000001,"phone":"0882463254","facebook":"https://www.facebook.com/profile.php?id=100069179942690","instagram":null,"category":[{"category":{"category":"Hotel"}}],"link":"https://tremitinow.it/cGFnZS83Ng=="},{"title":"LIFE Diomedee","id":198,"email":"carmen.2.biondo@gmail.com","web":null,"lat":null,"lng":null,"phone":"3485144162","facebook":null,"instagram":null,"category":[{"category":{"category":"Servizi"}}],"link":"https://tremitinow.it/cGFnZS8xOTg="},{"title":"La caletta del cavalluccio","id":207,"email":null,"web":null,"lat":42.11496116017784,"lng":15.490902555804382,"phone":"3395842544","facebook":"https://www.facebook.com/people/la-caletta-del-cavalluccio/61561629900598","instagram":null,"category":[{"category":{"category":"Appartamenti & B&B"}}],"link":"https://tremitinow.it/cGFnZS8yMDc="},{"title":"Giro Mare","id":208,"email":null,"web":null,"lat":42.1161784496982,"lng":15.500395504398568,"phone":"3498732325","facebook":null,"instagram":null,"category":[{"category":{"category":"Escursioni in mare"}}],"link":"https://tremitinow.it/cGFnZS8yMDg="},{"title":"Tremitando","id":57,"email":"l.demar89@gmail.com","web":"https://tremitando.business.site/","lat":42.1194671185076,"lng":15.502382891571047,"phone":"3318131918","facebook":"https://www.facebook.com/Tremitando","instagram":null,"category":[{"category":{"category":"Noleggio Barche & Gommoni"}}],"link":"https://tremitinow.it/cGFnZS81Nw=="},{"title":"L'Altro Faro","id":23,"email":"laltrofaro@gmail.com","web":"https://www.alfarotremiti.it/","lat":42.1129377,"lng":15.4887841,"phone":"3400518998","facebook":"https://www.facebook.com/pages/Laltro-Faro/150726604992756","instagram":"https://www.instagram.com/laltrofaro_tremiti","category":[{"category":{"category":"Ristoranti/pizzerie"}}],"link":"https://tremitinow.it/cGFnZS8yMw=="},{"title":"Selvaggia","id":25,"email":"martina3miti@libero.it","web":"http://selvaggianoleggiogommoni.it/","lat":42.11938864124491,"lng":15.502282465020771,"phone":"3886249297","facebook":"https://www.facebook.com/profile.php?id=100068528461286","instagram":"https://instagram.com/selvaggia__noleggio_gommoni","category":[{"category":{"category":"Noleggio Barche & Gommoni"}}],"link":"https://tremitinow.it/cGFnZS8yNQ=="},{"title":"La Riccia","id":77,"email":"info@laricciadelletremiti.it","web":"http://www.laricciadelletremiti.it","lat":42.11907035500266,"lng":15.502118749033404,"phone":"3489171971","facebook":"https://www.facebook.com/angelicatremiti","instagram":"https://instagram.com/la_riccia_noleggio_gommoni","category":[{"category":{"category":"Noleggio Barche & Gommoni"}}],"link":"https://tremitinow.it/cGFnZS83Nw=="},{"title":"Coco Mama","id":134,"email":"info@hotel-gabbiano.com","web":"https://www.hotel-gabbiano.com/coco-mama-spa-centro-benessere-isole-tremiti/","lat":42.11438059999999,"lng":15.4908885,"phone":"0882463410","facebook":"https://www.facebook.com/profile.php?id=100006442846842","instagram":null,"category":[{"category":{"category":"SPA"}}],"link":"https://tremitinow.it/cGFnZS8xMzQ="},{"title":"Escursioni in gozzo","id":90,"email":null,"web":"","lat":42.11957965081369,"lng":15.501889365112307,"phone":"3209321040","facebook":null,"instagram":null,"category":[{"category":{"category":"Escursioni in mare"}}],"link":"https://tremitinow.it/cGFnZS85MA=="},{"title":"Antonietta","id":106,"email":null,"web":null,"lat":42.11206545185346,"lng":15.49023447620637,"phone":"3429351596","facebook":null,"instagram":null,"category":[{"category":{"category":"Appartamenti & B&B"}}],"link":"https://tremitinow.it/cGFnZS8xMDY="},{"title":"Architiello","id":122,"email":null,"web":null,"lat":42.119926381351654,"lng":15.502262192165377,"phone":"0882463054","facebook":"https://www.facebook.com/larchitiello.isoletremiti","instagram":null,"category":[{"category":{"category":"Ristoranti/pizzerie"}}],"link":"https://tremitinow.it/cGFnZS8xMjI="},{"title":"Polo Nord","id":136,"email":null,"web":null,"lat":42.11951290970098,"lng":15.495967251438975,"phone":null,"facebook":null,"instagram":null,"category":[{"category":{"category":"Lidi"}}],"link":"https://tremitinow.it/cGFnZS8xMzY="},{"title":"La Terrazza","id":138,"email":null,"web":null,"lat":42.11974262517492,"lng":15.496175245583883,"phone":null,"facebook":null,"instagram":null,"category":[{"category":{"category":"Lidi"}}],"link":"https://tremitinow.it/cGFnZS8xMzg="},{"title":"Tremiti Island Scanner","id":65,"email":"visaserviziambientesrl@gmail.com","web":"https://www.tremitislandscanner.it/","lat":42.120120797852486,"lng":15.498284476196291,"phone":"3663740175","facebook":"https://www.facebook.com/Tremitislandscanner/","instagram":"https://instagram.com/tremitislandscanner?igshid=YmMyMTA2M2Y=","category":[{"category":{"category":"Escursioni in mare"}}],"link":"https://tremitinow.it/cGFnZS82NQ=="},{"title":"La Livornese","id":127,"email":null,"web":null,"lat":42.12002966188209,"lng":15.49636556156122,"phone":"0882463224","facebook":null,"instagram":null,"category":[{"category":{"category":"Ristoranti/pizzerie"}},{"category":{"category":"Noleggio SUP & canoe"}},{"category":{"category":"Bar"}},{"category":{"category":"Lidi"}}],"link":"https://tremitinow.it/cGFnZS8xMjc="},{"title":"La Fenice Boats","id":209,"email":null,"web":null,"lat":42.11391081251904,"lng":15.499622430796137,"phone":"347690039","facebook":null,"instagram":null,"category":[{"category":{"category":"Escursioni in mare"}}],"link":"https://tremitinow.it/cGFnZS8yMDk="},{"title":"Villa Elefante","id":105,"email":null,"web":null,"lat":42.1106034,"lng":15.490787,"phone":"3208641328","facebook":null,"instagram":null,"category":[{"category":{"category":"Appartamenti & B&B"}}],"link":"https://tremitinow.it/cGFnZS8xMDU="},{"title":"I Saraceni YN","id":91,"email":null,"web":null,"lat":42.11959556696901,"lng":15.50133146563721,"phone":"3402645722","facebook":"https://www.facebook.com/p/I-Saraceni-srl-100038759267119/","instagram":null,"category":[{"category":{"category":"Noleggio Barche & Gommoni"}}],"link":"https://tremitinow.it/cGFnZS85MQ=="},{"title":"Io & te Gommoni","id":148,"email":"domi.tozzi@gmail.com","web":"https://www.ioetegommoni.it/","lat":42.119035398823236,"lng":15.501800805719007,"phone":"3335748424","facebook":"https://www.facebook.com/profile.php?id=100093625105897","instagram":null,"category":[{"category":{"category":"Noleggio Barche & Gommoni"}}],"link":"https://tremitinow.it/cGFnZS8xNDg="},{"title":"L'isolano - girarrosto di pesce","id":146,"email":null,"web":"https://www.hotelsandomino.com/","lat":42.1164972,"lng":15.4893373,"phone":"0882463404","facebook":null,"instagram":"https://www.instagram.com/lisolano_tremiti","category":[{"category":{"category":"Ristoranti/pizzerie"}}],"link":"https://tremitinow.it/cGFnZS8xNDY="},{"title":"In gommone con Simone","id":36,"email":null,"web":"www.ingommoneconsimone.com","lat":42.120043,"lng":15.5028,"phone":"3294927525","facebook":"https://www.facebook.com/noleggiogommonitremiti","instagram":null,"category":[{"category":{"category":"Escursioni in mare"}}],"link":"https://tremitinow.it/cGFnZS8zNg=="},{"title":"Ormeggiatori Isole Tremiti","id":92,"email":"ser.mar.tremiti@gmail.com","web":"https://www.riservamarinaisoletremiti.it/info-e-assistenza-ormeggio","lat":42.118433677123235,"lng":15.499271529113772,"phone":"3406272041","facebook":"https://www.facebook.com/OrmeggiatoriTremiti","instagram":null,"category":[{"category":{"category":"Servizi"}}],"link":"https://tremitinow.it/cGFnZS85Mg=="},{"title":"In barca con Andrea","id":58,"email":null,"web":null,"lat":42.12020362857599,"lng":15.497445615572447,"phone":"3406530758","facebook":null,"instagram":null,"category":[{"category":{"category":"Escursioni in mare"}}],"link":"https://tremitinow.it/cGFnZS81OA=="},{"title":"Da Elio Isole Tremiti: case vacanza e stanze","id":14,"email":"claramanima@gmail.com","web":"daelioisoletremiti.weebly.com","lat":42.11695369684753,"lng":15.488452992217363,"phone":"3711120861","facebook":"https://www.facebook.com/DaElioIsoleTremiti","instagram":null,"category":[{"category":{"category":"Appartamenti & B&B"}}],"link":"https://tremitinow.it/cGFnZS8xNA=="},{"title":"Il Falco","id":66,"email":"carlo.petruzzella@gmail.com","web":null,"lat":42.120516707648356,"lng":15.496911185180666,"phone":"3408264756","facebook":null,"instagram":null,"category":[{"category":{"category":"Noleggio Barche & Gommoni"}}],"link":"https://tremitinow.it/cGFnZS82Ng=="},{"title":"La Fenice Rooms","id":62,"email":"lafenicerooms@hotmail.com","web":"feniceroomstremiti.com","lat":42.1110513,"lng":15.4896886,"phone":"0882463207","facebook":"https://www.facebook.com/profile.php?id=100068515951457","instagram":"https://www.instagram.com/feniceroomstremiti/","category":[{"category":{"category":"Appartamenti & B&B"}}],"link":"https://tremitinow.it/cGFnZS82Mg=="},{"title":"I Pirati delle Tremiti","id":13,"email":"ipiratidelletremiti@gmail.com","web":"https://www.ipiratidelletremiti.it","lat":42.12034698689444,"lng":15.496859944607042,"phone":"3345351729","facebook":"https://www.facebook.com/ipiratidelletremiti","instagram":"https://instagram.com/ipiratidelletremiti","category":[{"category":{"category":"Noleggio Barche & Gommoni"}}],"link":"https://tremitinow.it/cGFnZS8xMw=="},{"title":"Ormeggiatori - Campo boe","id":141,"email":null,"web":null,"lat":42.1180357647446,"lng":15.49982942858887,"phone":"3312891907","facebook":null,"instagram":null,"category":[{"category":{"category":"Servizi"}}],"link":"https://tremitinow.it/cGFnZS8xNDE="},{"title":"Comune Isole Tremiti","id":69,"email":"segreteria@comune.isoletremiti.fg.it","web":"http://www.comune.isoletremiti.fg.it/hh/index.php","lat":42.12055081498338,"lng":15.50444938075274,"phone":"0882463063","facebook":"https://www.facebook.com/ComunediIsoleTremiti","instagram":"https://www.instagram.com/comuneisoletremiti/?igshid=MzRlODBiNWFlZA%3D%3D","category":[{"category":{"category":"Servizi"}}],"link":"https://tremitinow.it/cGFnZS82OQ=="},{"title":"JalApulia - Sea Me Move asd","id":4,"email":null,"web":null,"lat":42.12025387383066,"lng":15.495617974664352,"phone":null,"facebook":null,"instagram":null,"category":[{"category":{"category":"Sport"}},{"category":{"category":"Noleggio SUP & canoe"}}],"link":"https://tremitinow.it/cGFnZS80"},{"title":"La Torretta","id":126,"email":"latorrettadelcaicco@gmail.com","web":"https://latorrettadelcaicco.com/","lat":42.1195825,"lng":15.5030465,"phone":"3336331322","facebook":"https://www.facebook.com/latorrettadelcaicco","instagram":"https://www.instagram.com/latorretta_isoletremiti/","category":[{"category":{"category":"Locali"}},{"category":{"category":"Bar"}}],"link":"https://tremitinow.it/cGFnZS8xMjY="},{"title":"Il caffè della Marina","id":94,"email":null,"web":null,"lat":42.11978693339447,"lng":15.502316205942348,"phone":"3486863038","facebook":null,"instagram":null,"category":[{"category":{"category":"Bar"}}],"link":"https://tremitinow.it/cGFnZS85NA=="},{"title":"Taxi Tommaso","id":109,"email":null,"web":"https://taxi-isole-tremiti.it","lat":42.11424599067497,"lng":15.490212767769881,"phone":"3288418382","facebook":null,"instagram":null,"category":[{"category":{"category":"Taxi"}}],"link":"https://tremitinow.it/cGFnZS8xMDk="},{"title":"Maria Grazia","id":110,"email":null,"web":null,"lat":42.118990750255726,"lng":15.498155730163576,"phone":"3890304586","facebook":"https://www.facebook.com/MinicrociereTremiti/","instagram":null,"category":[{"category":{"category":"Escursioni in mare"}}],"link":"https://tremitinow.it/cGFnZS8xMTA="},{"title":"La Fenice","id":61,"email":"lafenicetremiti@hotmail.it","web":"lafenicetremiti.it","lat":42.11493988683186,"lng":15.49009726041636,"phone":"3894325440","facebook":"https://www.facebook.com/lafenicetremiti","instagram":"https://www.instagram.com/lafenice_tremiti","category":[{"category":{"category":"Ristoranti/pizzerie"}},{"category":{"category":"Bar"}}],"link":"https://tremitinow.it/cGFnZS82MQ=="},{"title":"Fuffy - informatore di fiducia","id":63,"email":null,"web":null,"lat":null,"lng":null,"phone":"+393408836502","facebook":null,"instagram":null,"category":[{"category":{"category":"Notizie"}}],"link":"https://tremitinow.it/cGFnZS82Mw=="},{"title":"Tremiti in amicizia (Pinuccio)","id":111,"email":null,"web":null,"lat":42.119153725751936,"lng":15.500902312194826,"phone":"3289019638","facebook":"https://www.facebook.com/p/Tremiti-in-amicizia-100057701888008/","instagram":null,"category":[{"category":{"category":"Escursioni in mare"}}],"link":"https://tremitinow.it/cGFnZS8xMTE="},{"title":"Bel Mare","id":102,"email":null,"web":null,"lat":42.1197081,"lng":15.4959575,"phone":"3405853242","facebook":"https://www.facebook.com/pages/Ristorante-Bel-Mare-Isole-Tremiti/1745101145728532","instagram":null,"category":[{"category":{"category":"Ristoranti/pizzerie"}}],"link":"https://tremitinow.it/cGFnZS8xMDI="},{"title":"Casa Vacanze Tremiti d'aMare","id":59,"email":"casavacanzetremitidamare@gmail.com","web":null,"lat":null,"lng":null,"phone":"3475104484","facebook":"https://www.facebook.com/profile.php?id=100048928736591","instagram":null,"category":[{"category":{"category":"Appartamenti & B&B"}}],"link":"https://tremitinow.it/cGFnZS81OQ=="},{"title":"L'approdo","id":74,"email":"barlapprodotremiti@gmail.com","web":null,"lat":42.12004697581649,"lng":15.49732177632523,"phone":null,"facebook":null,"instagram":null,"category":[{"category":{"category":"Locali"}},{"category":{"category":"Bar"}}],"link":"https://tremitinow.it/cGFnZS83NA=="},{"title":"Bar del Marinaio","id":144,"email":null,"web":null,"lat":42.11956492141568,"lng":15.502678243691447,"phone":null,"facebook":"https://www.facebook.com/BarDelMarinaioDal1980/","instagram":null,"category":[{"category":{"category":"Bar"}}],"link":"https://tremitinow.it/cGFnZS8xNDQ="},{"title":"Insalatissime","id":145,"email":null,"web":null,"lat":42.113004612679276,"lng":15.489339271891414,"phone":"3283388176","facebook":null,"instagram":null,"category":[{"category":{"category":"Negozi"}}],"link":"https://tremitinow.it/cGFnZS8xNDU="},{"title":"Diomede","id":123,"email":null,"web":null,"lat":42.114536620395405,"lng":15.490451993360258,"phone":"0882463403","facebook":null,"instagram":null,"category":[{"category":{"category":"Ristoranti/pizzerie"}},{"category":{"category":"Tabacchi"}},{"category":{"category":"Locali"}},{"category":{"category":"Bar"}}],"link":"https://tremitinow.it/cGFnZS8xMjM="},{"title":"Opuscolo tutto in tasca","id":142,"email":"info@tuttointasca.it","web":"https://www.tuttointasca.it/","lat":42.120455033420704,"lng":15.503949301635744,"phone":" 3472122191","facebook":"https://www.facebook.com/tuttointasca","instagram":null,"category":[{"category":{"category":"Servizi"}}],"link":"https://tremitinow.it/cGFnZS8xNDI="},{"title":"In barca con Mattia","id":82,"email":"mattiasantoro88@icloud.com","web":null,"lat":42.12112349926809,"lng":15.496138708984377,"phone":"3393119179","facebook":"https://www.facebook.com/profile.php?id=100063738422892","instagram":null,"category":[{"category":{"category":"Escursioni in mare"}}],"link":"https://tremitinow.it/cGFnZS84Mg=="},{"title":"Giro Mare","id":95,"email":null,"web":null,"lat":42.12021629390902,"lng":15.498756544982912,"phone":"3498732325","facebook":null,"instagram":null,"category":[{"category":{"category":"Noleggio Barche & Gommoni"}}],"link":"https://tremitinow.it/cGFnZS85NQ=="},{"title":"Tremiti Diving Center","id":49,"email":"info@tremitidivingcenter.com","web":"http://www.tremitidivingcenter.com/","lat":42.1202269,"lng":15.4959017,"phone":"3343128761","facebook":"https://www.facebook.com/profile.php?id=100057279385018","instagram":null,"category":[{"category":{"category":"Diving"}}],"link":"https://tremitinow.it/cGFnZS80OQ=="},{"title":"Azzurra","id":128,"email":null,"web":null,"lat":42.119990681636956,"lng":15.5031778041582,"phone":"3281431341","facebook":null,"instagram":null,"category":[{"category":{"category":"Negozi"}}],"link":"https://tremitinow.it/cGFnZS8xMjg="},{"title":"Il Corallo","id":130,"email":null,"web":null,"lat":42.12011,"lng":15.49637,"phone":"0882463224","facebook":null,"instagram":null,"category":[{"category":{"category":"Negozi"}}],"link":"https://tremitinow.it/cGFnZS8xMzA="},{"title":"La Bussola","id":99,"email":"labussolatremiti@gmail.com","web":null,"lat":42.1142455,"lng":15.4907737,"phone":"0882463421","facebook":"https://www.facebook.com/labussolatremiti","instagram":null,"category":[{"category":{"category":"Appartamenti & B&B"}}],"link":"https://tremitinow.it/cGFnZS85OQ=="},{"title":"Villa Paradiso","id":31,"email":"villaparadisotremiti@libero.it","web":null,"lat":42.1154243,"lng":15.4907482,"phone":"3801418427","facebook":null,"instagram":null,"category":[{"category":{"category":"Appartamenti & B&B"}}],"link":"https://tremitinow.it/cGFnZS8zMQ=="},{"title":"Tremiti escursioni","id":210,"email":null,"web":null,"lat":42.11428945527143,"lng":15.502875188932336,"phone":"3292840365","facebook":null,"instagram":null,"category":[{"category":{"category":"Escursioni in mare"}}],"link":"https://tremitinow.it/cGFnZS8yMTA="},{"title":"Tremiti in barca","id":211,"email":null,"web":null,"lat":42.11421078025472,"lng":15.499081887486653,"phone":"3335948759","facebook":null,"instagram":null,"category":[{"category":{"category":"Escursioni in mare"}}],"link":"https://tremitinow.it/cGFnZS8yMTE="},{"title":"Da Tullio","id":113,"email":"tremitese86@hotmail.com","web":"http://noleggiogommonidatullio.it/","lat":42.119118080569834,"lng":15.497984068786623,"phone":"3500106361","facebook":null,"instagram":null,"category":[{"category":{"category":"Noleggio Barche & Gommoni"}}],"link":"https://tremitinow.it/cGFnZS8xMTM="},{"title":"Gommoni & Gommoni","id":115,"email":"alessandracafiero@gmail.com","web":null,"lat":42.12101208878325,"lng":15.499529021179201,"phone":"3403940651","facebook":"https://www.facebook.com/alessandracafiero80","instagram":null,"category":[{"category":{"category":"Noleggio Barche & Gommoni"}}],"link":"https://tremitinow.it/cGFnZS8xMTU="},{"title":"Curiosità","id":11,"email":null,"web":null,"lat":null,"lng":null,"phone":null,"facebook":null,"instagram":null,"category":[{"category":{"category":"Notizie"}}],"link":"https://tremitinow.it/cGFnZS8xMQ=="},{"title":"La Capannina","id":199,"email":"lacapanninaisoletremiti@gmail.com","web":null,"lat":42.12073603569464,"lng":15.49564893414701,"phone":"3209180184","facebook":"https://www.facebook.com/share/1AQsaz4DJv/","instagram":"https://www.instagram.com/lacapannina2025","category":[{"category":{"category":"Appartamenti & B&B"}}],"link":"https://tremitinow.it/cGFnZS8xOTk="},{"title":"Il Chiostro","id":32,"email":"ilchiostrobb@libero.it","web":null,"lat":42.1218839,"lng":15.5059363,"phone":"3339306775","facebook":"https://www.facebook.com/ilchiostro.isoletremiti","instagram":"https://www.instagram.com/ilchiostrobb/","category":[{"category":{"category":"Appartamenti & B&B"}}],"link":"https://tremitinow.it/cGFnZS8zMg=="},{"title":"Fatte Cchiu a' là","id":124,"email":null,"web":null,"lat":42.12054995662295,"lng":15.496717036469558,"phone":"3356460425","facebook":null,"instagram":null,"category":[{"category":{"category":"Bar"}}],"link":"https://tremitinow.it/cGFnZS8xMjQ="},{"title":"Traghetti interni","id":6,"email":null,"web":null,"lat":null,"lng":null,"phone":null,"facebook":null,"instagram":null,"category":[{"category":{"category":"Trasporti"}}],"link":"https://tremitinow.it/cGFnZS82"},{"title":"Distributore di benzina","id":35,"email":null,"web":null,"lat":42.11240222107865,"lng":15.476454813390097,"phone":"0882217651","facebook":null,"instagram":null,"category":[{"category":{"category":"Servizi"}}],"link":"https://tremitinow.it/cGFnZS8zNQ=="},{"title":"Pro Loco","id":3,"email":"prolocotremiti@gmail.com","web":"http://www.prolocotremiti.it/","lat":42.1202953,"lng":15.5046158,"phone":null,"facebook":"https://www.facebook.com/prolocotremiti","instagram":null,"category":[{"category":{"category":"Servizi"}}],"link":"https://tremitinow.it/cGFnZS8z"},{"title":"Ernesto","id":114,"email":null,"web":null,"lat":42.118019848197505,"lng":15.499614851867678,"phone":"3337330558","facebook":null,"instagram":null,"category":[{"category":{"category":"Noleggio Barche & Gommoni"}}],"link":"https://tremitinow.it/cGFnZS8xMTQ="},{"title":"Residence Cala delle Arene","id":96,"email":null,"web":null,"lat":42.119751495341916,"lng":15.496042149459841,"phone":"3493993579","facebook":null,"instagram":null,"category":[{"category":{"category":"Appartamenti & B&B"}},{"category":{"category":"Lidi"}}],"link":"https://tremitinow.it/cGFnZS85Ng=="},{"title":"Poseidon","id":212,"email":"melissazitoli1995@icloud.com","web":null,"lat":42.122501127614356,"lng":15.501854149056754,"phone":"3270052044","facebook":"https://www.facebook.com/poseidonisoletremiti/","instagram":"https://www.instagram.com/poseidonisoletremiti/","category":[{"category":{"category":"Escursioni in mare"}},{"category":{"category":"Noleggio Barche & Gommoni"}}],"link":"https://tremitinow.it/cGFnZS8yMTI="},{"title":"Lo Scrigno - creazioni artigianali ","id":20,"email":"matrellamanuela@gmail.com","web":null,"lat":42.1160592,"lng":15.4916347,"phone":"3207621755","facebook":null,"instagram":null,"category":[{"category":{"category":"Negozi"}},{"category":{"category":"Made in Tremiti"}}],"link":"https://tremitinow.it/cGFnZS8yMA=="},{"title":"Skizzo","id":26,"email":null,"web":"https://www.skizzo-gommoni-tremiti.it/","lat":42.11925425910376,"lng":15.502590956481388,"phone":"3209321040","facebook":"https://www.facebook.com/skizzotremiti","instagram":null,"category":[{"category":{"category":"Noleggio Barche & Gommoni"}}],"link":"https://tremitinow.it/cGFnZS8yNg=="},{"title":"Da Enrichetta","id":29,"email":"simone.bra89@libero.it","web":"https://www.daenrichetta.com","lat":42.1209962,"lng":15.5040478,"phone":"3294927525","facebook":"https://www.facebook.com/daenrichetta","instagram":"https://www.instagram.com/da.enrichetta/","category":[{"category":{"category":"Ristoranti/pizzerie"}}],"link":"https://tremitinow.it/cGFnZS8yOQ=="},{"title":"La Bottega Isolana","id":18,"email":"","web":"","lat":42.1130026,"lng":15.4886269,"phone":"3406380421","facebook":"","instagram":null,"category":[{"category":{"category":"Alimentari"}}],"link":"https://tremitinow.it/cGFnZS8xOA=="},{"title":"Aquodiving","id":28,"email":"aquodiving@yahoo.it","web":"https://www.aquodivingtremiti.com/","lat":42.1211061288878,"lng":15.49297388864698,"phone":"3664263189","facebook":"https://www.facebook.com/aquodiving","instagram":"https://www.instagram.com/aquodivingtremiti/","category":[{"category":{"category":"Diving"}}],"link":"https://tremitinow.it/cGFnZS8yOA=="},{"title":"Roberto","id":213,"email":null,"web":null,"lat":42.1228932679698,"lng":15.503862296766584,"phone":"3472122191","facebook":null,"instagram":null,"category":[{"category":{"category":"Noleggio Barche & Gommoni"}}],"link":"https://tremitinow.it/cGFnZS8yMTM="},{"title":"IN BARCA CON ZIO NIKE","id":30,"email":null,"web":null,"lat":42.120614192595426,"lng":15.497597830688479,"phone":"3519416131","facebook":null,"instagram":"https://www.instagram.com/isole_tremiti_escursioni/","category":[{"category":{"category":"Escursioni in mare"}}],"link":"https://tremitinow.it/cGFnZS8zMA=="},{"title":"Amedeo","id":214,"email":null,"web":null,"lat":42.11311235116807,"lng":15.496696318572646,"phone":"3807796634","facebook":null,"instagram":null,"category":[{"category":{"category":"Noleggio Barche & Gommoni"}}],"link":"https://tremitinow.it/cGFnZS8yMTQ="},{"title":"Villaggio Internazionale Punta del Diamante","id":33,"email":"info@puntadeldiamante.it","web":"www.puntadeldiamante.it","lat":42.1232293,"lng":15.4923159,"phone":"0882463405","facebook":"https://www.facebook.com/profile.php?id=100063544782508","instagram":"https://www.instagram.com/isoletremiti_puntadeldiamante","category":[{"category":{"category":"Appartamenti & B&B"}},{"category":{"category":"Villaggi"}}],"link":"https://tremitinow.it/cGFnZS8zMw=="},{"title":"Visite San Nicola","id":216,"email":null,"web":null,"lat":42.11389715531678,"lng":15.489955501669414,"phone":"3336353210","facebook":null,"instagram":null,"category":[{"category":{"category":"Escursioni a terra"}}],"link":"https://tremitinow.it/cGFnZS8yMTY="},{"title":"Circolo degli Achei","id":72,"email":"eleuteria1942@gmail.com","web":null,"lat":null,"lng":null,"phone":null,"facebook":null,"instagram":null,"category":[{"category":{"category":"Servizi"}}],"link":"https://tremitinow.it/cGFnZS83Mg=="},{"title":"Marlin Tremiti","id":97,"email":"info@marlintremiti.com","web":"https://www.marlintremiti.com/","lat":42.1158578,"lng":15.4914611,"phone":"0882203972","facebook":"https://www.facebook.com/profile.php?id=100063440637217","instagram":"https://www.instagram.com/marlintremiti/","category":[{"category":{"category":"Diving"}}],"link":"https://tremitinow.it/cGFnZS85Nw=="},{"title":"Parrucchiere Compagnia della bellezza","id":45,"email":"apu07@libero.it","web":null,"lat":42.112138,"lng":15.4864931,"phone":"3281113915","facebook":"https://www.facebook.com/capellimania.annalisa","instagram":"https://www.instagram.com/annalisa_todisco_cdb/","category":[{"category":{"category":"Servizi"}}],"link":"https://tremitinow.it/cGFnZS80NQ=="},{"title":"Il Delfino","id":44,"email":"64antonietta@live.it","web":"https://www.ildelfinotremiti.it/it/","lat":42.11198489999999,"lng":15.4870097,"phone":"3338371871","facebook":"","instagram":null,"category":[{"category":{"category":"Appartamenti & B&B"}}],"link":"https://tremitinow.it/cGFnZS80NA=="},{"title":"Mare Blu","id":98,"email":null,"web":"https://hotel-mare-blu-san-domino.hotelmix.it/","lat":42.112148,"lng":15.487108,"phone":"3290290085","facebook":"","instagram":null,"category":[{"category":{"category":"Hotel"}}],"link":"https://tremitinow.it/cGFnZS85OA=="},{"title":"Giardini sempre verdi","id":215,"email":null,"web":null,"lat":42.11428003223665,"lng":15.490545449194741,"phone":"3713450650","facebook":null,"instagram":null,"category":[{"category":{"category":"Attività varie"}}],"link":"https://tremitinow.it/cGFnZS8yMTU="},{"title":"La Conchiglia","id":50,"email":null,"web":null,"lat":42.11984059124739,"lng":15.501999562096485,"phone":"0882463105","facebook":null,"instagram":null,"category":[{"category":{"category":"Ristoranti/pizzerie"}}],"link":"https://tremitinow.it/cGFnZS81MA=="},{"title":"Terrazza Rossana","id":53,"email":"barrossanaisoletremiti@gmail.com","web":"https://www.isoletremitialbergorossana.it/","lat":42.12034360000001,"lng":15.4951833,"phone":"3312284929","facebook":"https://www.facebook.com/profile.php?id=100089846221334","instagram":"https://www.instagram.com/terrazza_rossanaQ","category":[{"category":{"category":"Bar"}}],"link":"https://tremitinow.it/cGFnZS81Mw=="},{"title":"Il Torrione","id":125,"email":null,"web":null,"lat":42.1206607,"lng":15.5045826,"phone":"3336844870","facebook":"https://www.facebook.com/locanda.torrione","instagram":null,"category":[{"category":{"category":"Ristoranti/pizzerie"}}],"link":"https://tremitinow.it/cGFnZS8xMjU="},{"title":"Era Ora","id":51,"email":"alfarotremiti@alice.it","web":"https://www.alfarotremiti.it/","lat":42.1145542,"lng":15.4900243,"phone":"3477314783","facebook":"https://www.facebook.com/Eratrem/","instagram":"https://www.instagram.com/eraoratremiti/","category":[{"category":{"category":"Locali"}},{"category":{"category":"Bar"}}],"link":"https://tremitinow.it/cGFnZS81MQ=="},{"title":"Alidaunia","id":5,"email":null,"web":null,"lat":null,"lng":null,"phone":null,"facebook":null,"instagram":null,"category":[{"category":{"category":"Trasporti"}}],"link":"https://tremitinow.it/cGFnZS81"},{"title":"Cala Matano","id":137,"email":null,"web":null,"lat":42.11570692218127,"lng":15.492986403424274,"phone":"","facebook":null,"instagram":null,"category":[{"category":{"category":"Lidi"}}],"link":"https://tremitinow.it/cGFnZS8xMzc="},{"title":"La Pineta","id":48,"email":"info@albergolapineta.info","web":"www.albergolapineta.info","lat":42.1108905,"lng":15.4899912,"phone":"3387074059","facebook":"https://www.facebook.com/albergolapinetatremiti","instagram":"","category":[{"category":{"category":"Appartamenti & B&B"}}],"link":"https://tremitinow.it/cGFnZS80OA=="},{"title":"Micro Hotel Albergo Rossana","id":52,"email":"info@isoletremitialbergorossana.it","web":"https://www.isoletremitialbergorossana.it/","lat":42.12034360000001,"lng":15.4951833,"phone":"0882463298","facebook":"https://www.facebook.com/albergorossana","instagram":"https://www.instagram.com/micro.hotel.rossana/","category":[{"category":{"category":"Hotel"}}],"link":"https://tremitinow.it/cGFnZS81Mg=="},{"title":"I Saraceni Group","id":117,"email":null,"web":null,"lat":42.118163096977625,"lng":15.50004400531006,"phone":"3349320730","facebook":"https://www.facebook.com/photo/?fbid=575173530974719","instagram":null,"category":[{"category":{"category":"Noleggio Barche & Gommoni"}}],"link":"https://tremitinow.it/cGFnZS8xMTc="},{"title":"Tremiti Music Festival","id":149,"email":"info@pugliasounds.it","web":null,"lat":42.1143309960751,"lng":15.490188392612948,"phone":null,"facebook":"https://www.facebook.com/PugliaSounds","instagram":"https://www.instagram.com/PugliaSounds","category":[{"category":{"category":"Notizie"}},{"category":{"category":"Attività varie"}}],"link":"https://tremitinow.it/cGFnZS8xNDk="},{"title":"La Tramontana","id":41,"email":"info@tramontanatremiti.com","web":"https://www.tramontanatremiti.com/","lat":42.11507718088987,"lng":15.490487594948297,"phone":"0882463455","facebook":"https://www.facebook.com/hotelisoletremiti","instagram":null,"category":[{"category":{"category":"Hotel"}}],"link":"https://tremitinow.it/cGFnZS80MQ=="},{"title":"Skipper Tremiti tour","id":22,"email":"Skippertremiti@gmail.com","web":null,"lat":42.120311789821635,"lng":15.497426169311526,"phone":"3664610538/3272605587","facebook":"https://www.facebook.com/skippertremititour","instagram":"https://instagram.com/skippertremititour?igshid=MzNlNGNkZWQ4Mg==","category":[{"category":{"category":"Escursioni in mare"}}],"link":"https://tremitinow.it/cGFnZS8yMg=="},{"title":"Le Viole","id":40,"email":"info@leviole.com","web":"https://leviole.com","lat":42.1120627,"lng":15.4865612,"phone":" 0882463312","facebook":"https://www.facebook.com/hotellevioleisoletremiti/","instagram":"https://www.instagram.com/hotel_le_viole/","category":[{"category":{"category":"Hotel"}}],"link":"https://tremitinow.it/cGFnZS80MA=="}]