{"services":[{"vessel":"JET","duration_minutes":60,"periods":[{"from":"2025-05-30","to":"2025-05-31"},{"from":"2025-06-01","to":"2025-07-31"},{"from":"2025-08-01","to":"2025-08-31"},{"from":"2025-09-01","to":"2025-09-14"},{"from":"2025-09-15","to":"2025-09-28"}],"schedules":[{"direction":"Termoli -> Isole Tremiti","days":"All","departure_time":"08:40","period":{"from":"2025-05-30","to":"2025-05-31"}},{"direction":"Isole Tremiti -> Termoli","days":"All","departure_time":"17:40","period":{"from":"2025-05-30","to":"2025-05-31"}},{"direction":"Termoli -> Isole Tremiti","days":"All","departure_time":"08:40","period":{"from":"2025-06-01","to":"2025-07-31"}},{"direction":"Termoli -> Isole Tremiti","days":"Saturday, Sunday","departure_time":"11:10","period":{"from":"2025-06-01","to":"2025-07-31"}},{"direction":"Termoli -> Isole Tremiti","days":"Friday","departure_time":"15:00","period":{"from":"2025-06-01","to":"2025-07-31"}},{"direction":"Termoli -> Isole Tremiti","days":"Sunday","departure_time":"17:30","period":{"from":"2025-06-01","to":"2025-07-31"}},{"direction":"Isole Tremiti -> Termoli","days":"Friday, Saturday, Sunday","departure_time":"10:00","period":{"from":"2025-06-01","to":"2025-07-31"}},{"direction":"Isole Tremiti -> Termoli","days":"Sunday","departure_time":"16:20","period":{"from":"2025-06-01","to":"2025-07-31"}},{"direction":"Isole Tremiti -> Termoli","days":"Monday to Saturday","departure_time":"17:40","period":{"from":"2025-06-01","to":"2025-07-31"}},{"direction":"Isole Tremiti -> Termoli","days":"Sunday","departure_time":"18:45","period":{"from":"2025-06-01","to":"2025-07-31"}},{"direction":"Termoli -> Isole Tremiti","days":"All","departure_time":"08:40","period":{"from":"2025-08-01","to":"2025-08-31"}},{"direction":"Termoli -> Isole Tremiti","days":"Saturday, Sunday","departure_time":"11:10","period":{"from":"2025-08-01","to":"2025-08-31"}},{"direction":"Termoli -> Isole Tremiti","days":"Sunday","departure_time":"17:30","period":{"from":"2025-08-01","to":"2025-08-31"}},{"direction":"Isole Tremiti -> Termoli","days":"All","departure_time":"10:00","period":{"from":"2025-08-01","to":"2025-08-31"}},{"direction":"Isole Tremiti -> Termoli","days":"Sunday","departure_time":"16:20","period":{"from":"2025-08-01","to":"2025-08-31"}},{"direction":"Isole Tremiti -> Termoli","days":"All","departure_time":"18:45","period":{"from":"2025-08-01","to":"2025-08-31"}},{"direction":"Termoli -> Isole Tremiti","days":"All","departure_time":"08:40","period":{"from":"2025-09-01","to":"2025-09-14"}},{"direction":"Termoli -> Isole Tremiti","days":"Saturday, Sunday","departure_time":"11:10","period":{"from":"2025-09-01","to":"2025-09-14"}},{"direction":"Termoli -> Isole Tremiti","days":"Friday","departure_time":"15:00","period":{"from":"2025-09-01","to":"2025-09-14"}},{"direction":"Termoli -> Isole Tremiti","days":"Sunday","departure_time":"17:00","period":{"from":"2025-09-01","to":"2025-09-14"}},{"direction":"Isole Tremiti -> Termoli","days":"Saturday, Sunday","departure_time":"10:00","period":{"from":"2025-09-01","to":"2025-09-14"}},{"direction":"Isole Tremiti -> Termoli","days":"Friday","departure_time":"16:00","period":{"from":"2025-09-01","to":"2025-09-14"}},{"direction":"Isole Tremiti -> Termoli","days":"Monday to Saturday","departure_time":"17:40","period":{"from":"2025-09-01","to":"2025-09-14"}},{"direction":"Isole Tremiti -> Termoli","days":"Sunday","departure_time":"18:15","period":{"from":"2025-09-01","to":"2025-09-14"}},{"direction":"Termoli -> Isole Tremiti","days":"All","departure_time":"08:40","period":{"from":"2025-09-15","to":"2025-09-28"}},{"direction":"Isole Tremiti -> Termoli","days":"All","departure_time":"16:55","period":{"from":"2025-09-15","to":"2025-09-28"}}],"pricing":{"low_season":{"period":{"from":"2025-05-30","to":"2025-06-30"},"adults":21.00,"children":12.50,"groups_min_20_adults":15.50},"high_season":{"period":{"from":"2025-07-01","to":"2025-09-14"},"adults":25.50,"children":13.50,"groups_min_20_adults":18.00},"low_season_september":{"period":{"from":"2025-09-15","to":"2025-09-28"},"adults":21.00,"children":12.50,"groups_min_20_adults":15.50}},"extra_fees":{"adults":2.50,"children":1.80},"contacts":{"email":"tramiti.termoli@nlg.it","phone":"+39 0875 704 859"},"ticket_url":"https://tremitinow.it/cGFnZS8xMA=="}]}
