{"services":[{"vessel":"Nave","duration_minutes":null,"periods":[{"from":"2025-07-01","to":"2025-08-04","notes":"Tariffe bassa stagione"},{"from":"2025-08-05","to":"2025-08-29","notes":"Tariffe alta stagione"},{"from":"2025-08-30","to":"2025-09-30","notes":"Tariffe bassa stagione"}],"schedules":[{"direction":"Da Vieste -> Isole Tremiti","days":["Tutti i giorni"],"departure_time":"08:45","arrival_time":null,"departure_time_tremiti":"16:45","pricing":{"low_season":{"adult":40.00,"child":27.00,"group":null,"adult_details":"€23.50 (arrivo) + €16.50 (partenza)","child_details":"€17.00 (arrivo) + €10.00 (partenza)"},"high_season":{"from":"2025-08-05","to":"2025-08-29","adult":44.00,"child":29.00,"group":null,"adult_details":"€25.50 (arrivo) + €18.50 (partenza)","child_details":"€18.00 (arrivo) + €11.00 (partenza)"}},"extra_fees":null,"contacts":null,"ticket_url":null},{"direction":"Dalle Isole Tremiti -> Vieste","days":["Tutti i giorni"],"departure_time":"16:45","arrival_time":null,"pricing":{"low_season":{"adult":16.50,"child":10.00,"group":null},"high_season":{"from":"2025-08-05","to":"2025-08-29","adult":18.50,"child":11.00,"group":null}},"extra_fees":null,"contacts":null,"ticket_url":null}]}]}