[
  {
    "id": 36,
    "bay_info": [
      {
        "bay_photos": []
      }
    ],
    "island": "San Nicola",
    "name": "Grotte Testa di Morte",
    "link": "https://tremitinow.it/Y2FsYS8zNg=="
  },
  {
    "id": 37,
    "bay_info": [
      {
        "bay_photos": []
      }
    ],
    "island": "San Nicola",
    "name": "Scoglio Segato",
    "link": "https://tremitinow.it/Y2FsYS8zNw=="
  },
  {
    "id": 38,
    "bay_info": [
      {
        "bay_photos": []
      }
    ],
    "island": "San Nicola",
    "name": "Grotta del Ferraio",
    "link": "https://tremitinow.it/Y2FsYS8zOA=="
  },
  {
    "id": 39,
    "bay_info": [
      {
        "bay_photos": []
      }
    ],
    "island": "San Nicola",
    "name": "Scogli il Piruzzolo",
    "link": "https://tremitinow.it/Y2FsYS8zOQ=="
  },
  {
    "id": 40,
    "bay_info": [
      {
        "bay_photos": [
          {
            "media": "https://cdn.contabo2.nxtcloud.it/tremiti/bays/2dcb87fbe043989d9deeb4f7a06df68dc5fe22fddcb6036c0f4dcebbf33f41524dcbe6ccffbfa2aa7e72286ec8fb9782fcd1a4a2c34c7cf37fa19bb48a99df50.jpeg"
          }
        ]
      }
    ],
    "island": "San Nicola",
    "name": "Le Marinelle",
    "url": "https://tremitinow.it/Y2FsYS80MA==",
    "link": "https://tremitinow.it/Y2FsYS80MA=="
  },
  {
    "id": 49,
    "bay_info": [
      {
        "bay_photos": [
          {
            "media": "https://firebasestorage.googleapis.com/v0/b/tremti-n.appspot.com/o/bays_imgs%2F49%2Fabc3c5c6-bc70-4c97-8428-d3e98d70da64.jpeg?alt=media&token=05895847-2bce-47fc-9e30-e160aa6daa33"
          }
        ]
      }
    ],
    "island": "Capraia",
    "name": "Punta Secca",
    "url": "https://tremitinow.it/Y2FsYS80OQ==",
    "link": "https://tremitinow.it/Y2FsYS80OQ=="
  },
  {
    "id": 47,
    "bay_info": [
      {
        "bay_photos": [
          {
            "media": "https://cdn.contabo2.nxtcloud.it/tremiti/bays/19a17e83df26c7ca423afae3709c73e0effdbd37013552377cd797f5a3e71a1cb792a32aa058927a98865c4380c961011bbb9569105b53ef68ac8a4e41e055c5.jpeg"
          }
        ]
      }
    ],
    "island": "Capraia",
    "name": "Cala dei Pesci",
    "url": "https://tremitinow.it/Y2FsYS80Nw==",
    "link": "https://tremitinow.it/Y2FsYS80Nw=="
  },
  {
    "id": 50,
    "bay_info": [
      {
        "bay_photos": [
          {
            "media": "https://cdn.contabo2.nxtcloud.it/tremiti/bays/4704536db0f7560fe38628ab5bc20ab667adf54ffcf2742b210ce9cc02707f334558805465722bda7956bc8d1302c9a957a44ebc6cd82a72aaf300fa8398b513.jpeg"
          }
        ]
      }
    ],
    "island": "Capraia",
    "name": "Architiello di Caprara",
    "url": "https://tremitinow.it/Y2FsYS81MA==",
    "link": "https://tremitinow.it/Y2FsYS81MA=="
  },
  {
    "id": 48,
    "bay_info": [
      {
        "bay_photos": [
          {
            "media": "https://cdn.contabo2.nxtcloud.it/tremiti/bays/3b45c053ce9da53fe5bd1d0cd98abb89099a294d545eaad945eb5aaeb0c5e7f7aa117a9cf13e104b93afe73038f4cf4a85c29f91bdf29913baf7eac079180a1c.jpeg"
          },
          {
            "media": "https://firebasestorage.googleapis.com/v0/b/tremti-n.appspot.com/o/bays_imgs%2F872fef36-9c7d-484d-ae5c-04b8c85a769f.jpeg?alt=media&token=7514b873-c667-42a2-8f4c-a2de10bf0563"
          }
        ]
      }
    ],
    "island": "Capraia",
    "name": "Cala dei Vermi",
    "url": "https://tremitinow.it/Y2FsYS80OA==",
    "link": "https://tremitinow.it/Y2FsYS80OA=="
  },
  {
    "id": 51,
    "bay_info": [
      {
        "bay_photos": []
      }
    ],
    "island": "3_capraia",
    "name": "Punta Romito",
    "link": "https://tremitinow.it/Y2FsYS81MQ=="
  },
  {
    "id": 42,
    "bay_info": [
      {
        "bay_photos": []
      }
    ],
    "island": "3_capraia",
    "name": "Punta dello Scaccione",
    "link": "https://tremitinow.it/Y2FsYS80Mg=="
  },
  {
    "id": 43,
    "bay_info": [
      {
        "bay_photos": [
          {
            "media": "https://firebasestorage.googleapis.com/v0/b/tremti-n.appspot.com/o/bays_imgs%2F43%2Fda6b5c62-e900-481c-b9be-612d283ced67.png?alt=media&token=5a679f9a-f3c7-4660-b4c6-470233c47583"
          }
        ]
      }
    ],
    "island": "Capraia",
    "name": "Gli Scoglitti",
    "url": "https://tremitinow.it/Y2FsYS80Mw==",
    "link": "https://tremitinow.it/Y2FsYS80Mw=="
  },
  {
    "id": 44,
    "bay_info": [
      {
        "bay_photos": [
          {
            "media": "https://firebasestorage.googleapis.com/v0/b/tremti-n.appspot.com/o/bays_imgs%2F44%2F1c5ddb40-7f66-4371-8859-a59d7835764a.jpeg?alt=media&token=45328678-cf3c-4950-8057-a79a63b92167"
          },
          {
            "media": "https://firebasestorage.googleapis.com/v0/b/tremti-n.appspot.com/o/bays_imgs%2F44%2Fad01566c-6764-4038-b78b-884c04529e78.jpeg?alt=media&token=2b01d214-6ff9-44d4-a945-c31099ed24ef"
          }
        ]
      }
    ],
    "island": "Capraia",
    "name": "Statua sommersa di Padre Pio",
    "url": "https://tremitinow.it/Y2FsYS80NA==",
    "link": "https://tremitinow.it/Y2FsYS80NA=="
  },
  {
    "id": 45,
    "bay_info": [
      {
        "bay_photos": []
      }
    ],
    "island": "3_capraia",
    "name": "Scoglio del Caciocavallo",
    "link": "https://tremitinow.it/Y2FsYS80NQ=="
  },
  {
    "id": 46,
    "bay_info": [
      {
        "bay_photos": []
      }
    ],
    "island": "3_capraia",
    "name": "Grotta del Capone",
    "link": "https://tremitinow.it/Y2FsYS80Ng=="
  },
  {
    "id": 52,
    "bay_info": [
      {
        "bay_photos": [
          {
            "media": "https://firebasestorage.googleapis.com/v0/b/tremti-n.appspot.com/o/bays_imgs%2F52%2F950a22c8-cd48-4f92-8065-313f52d65ede.jpeg?alt=media&token=7c8cc1a4-dcb9-4787-be5a-1582da167bf3"
          }
        ]
      }
    ],
    "island": "Capraia",
    "name": "Il Grosso",
    "url": "https://tremitinow.it/Y2FsYS81Mg==",
    "link": "https://tremitinow.it/Y2FsYS81Mg=="
  },
  {
    "id": 53,
    "bay_info": [
      {
        "bay_photos": []
      }
    ],
    "island": "3_capraia",
    "name": "Cala Caffè",
    "link": "https://tremitinow.it/Y2FsYS81Mw=="
  },
  {
    "id": 54,
    "bay_info": [
      {
        "bay_photos": []
      }
    ],
    "island": "3_capraia",
    "name": "Scoglio del Corvo",
    "link": "https://tremitinow.it/Y2FsYS81NA=="
  },
  {
    "id": 55,
    "bay_info": [
      {
        "bay_photos": [
          {
            "media": "https://cdn.contabo2.nxtcloud.it/tremiti/bays/483a667f8bb453c2724136a1d5e13d948a2eceda5cd62d4572bc65312407796a53a4b8f7d4c8052b991db715b11cf3d7f440d319512e2741b2f2df43ebf6afc7.jpeg"
          }
        ]
      }
    ],
    "island": "Capraia",
    "name": "Cala dei Turchi",
    "url": "https://tremitinow.it/Y2FsYS81NQ==",
    "link": "https://tremitinow.it/Y2FsYS81NQ=="
  },
  {
    "id": 56,
    "bay_info": [
      {
        "bay_photos": []
      }
    ],
    "island": "3_capraia",
    "name": "Grotta della Vedova",
    "link": "https://tremitinow.it/Y2FsYS81Ng=="
  },
  {
    "id": 57,
    "bay_info": [
      {
        "bay_photos": [
          {
            "media": "https://firebasestorage.googleapis.com/v0/b/tremti-n.appspot.com/o/bays_imgs%2F57%2F5b0f9bb8-7dd4-4a04-b836-7443c5f98df8.jpeg?alt=media&token=324ae355-a0bb-4a8e-be10-ebb41793bcee"
          }
        ]
      }
    ],
    "island": "Capraia",
    "name": "Cala Sorrentino",
    "url": "https://tremitinow.it/Y2FsYS81Nw==",
    "link": "https://tremitinow.it/Y2FsYS81Nw=="
  },
  {
    "id": 58,
    "bay_info": [
      {
        "bay_photos": [
          {
            "media": "https://cdn.contabo2.nxtcloud.it/tremiti/bays/f76bc42acbb938a666e341dc2edcc07343f7694230f6c1327a7e3dcf482b2acd7cd15852a36fd087060c5a7beb15dee90958ca92f694273da2b16945dd68394c.jpeg"
          }
        ]
      }
    ],
    "island": "Capraia",
    "name": "Cala Pietra di Fucile",
    "url": "https://tremitinow.it/Y2FsYS81OA==",
    "link": "https://tremitinow.it/Y2FsYS81OA=="
  },
  {
    "id": 41,
    "bay_info": [
      {
        "bay_photos": [
          {
            "media": "https://firebasestorage.googleapis.com/v0/b/tremti-n.appspot.com/o/bays_imgs%2F41%2F6a8d3dd1-9a9e-4a4a-be52-e09bf5a7d4af.jpeg?alt=media&token=c63244b0-69d1-4305-9608-ceeae317b9a6"
          }
        ]
      }
    ],
    "island": "Cretaccio",
    "name": "Scoglio La Vecchia",
    "url": "https://tremitinow.it/Y2FsYS80MQ==",
    "link": "https://tremitinow.it/Y2FsYS80MQ=="
  },
  {
    "id": 11,
    "bay_info": [
      {
        "bay_photos": [
          {
            "media": "https://cdn.contabo2.nxtcloud.it/tremiti/bays/3aea7d939bc99521f27e242d3541072ad50800fc45b64a737ad18d7ad1a5513ffbc7c2d32df59efc9190bb7c6b056fc95be310c1437bb80e2109ab4bf5b12e3f.jpeg"
          },
          {
            "media": "https://cdn.contabo2.nxtcloud.it/tremiti/bays/006b2f35a8b4da99a4390a1aa958f75ffe52fc228d1575603406a1fc712a859f494f7260a98ff7d5a33352caf8a8dd02ae3ccb9d0cdc143f58f6a8179d9b7acf.jpeg"
          },
          {
            "media": "https://cdn.contabo2.nxtcloud.it/tremiti/bays/019376661ac53684945433b4e199525595b123e018b7eac1c71f96778ab73517e1f3900060175c99decfbb5eadedf2566b4daed324718582039a7bab63bc1329.jpeg"
          },
          {
            "media": "https://cdn.contabo2.nxtcloud.it/tremiti/bays/1e18df6d5a7febacf20ca7488a9bf05be49fb05dd8420220b14ecb5c3a0ca9d34f20fd5866fc9d72726f85341f8627f1d3774c617b0609e2f8ac75f2c1e8d5f9.jpeg"
          }
        ]
      }
    ],
    "island": "San Domino",
    "name": "Grotta del Sale",
    "url": "https://tremitinow.it/Y2FsYS8xMQ==",
    "link": "https://tremitinow.it/Y2FsYS8xMQ=="
  },
  {
    "id": 12,
    "bay_info": [
      {
        "bay_photos": [
          {
            "media": "https://cdn.contabo2.nxtcloud.it/tremiti/bays/b56963138c6cb60b58334d89098adff03045e003fe6acae73b42449be283be985982d6f9a92f212ee5516c2e91ca472d1337339178835cba6f9e28f9220ca1f1.jpeg"
          },
          {
            "media": "https://cdn.contabo2.nxtcloud.it/tremiti/bays/e526ce062cb54cb6dc620abe2c28e9eb65146d7903434b9d29be7f1a1aed0d3f04250a28cf19e361d946434faed723ef648b692f5329597d38d1ea2922bf2af5.jpeg"
          },
          {
            "media": "https://cdn.contabo2.nxtcloud.it/tremiti/bays/f9906bf93d686b7e715873dcbe7dd585900a279fd9ebf2c7dd7fdd8dffb1a6faf98a8c8eb918275e8eba4422f7500fe7a0fb10e4ea699f9bf164938dcdfd7bf1.jpeg"
          },
          {
            "media": "https://cdn.contabo2.nxtcloud.it/tremiti/bays/6a82939e7ac84762fb8d7e40cdaed70377c936e931079cbd282c5aa4410a3e7d7e1298ea55491afbe5e9bc77d281ebc6ed66ecc4602265c43cce0c2b5719d137.jpeg"
          },
          {
            "media": "https://cdn.contabo2.nxtcloud.it/tremiti/bays/ab95d9ebd41608ac190ef93e8a0710b1e3137527570fcfc7612afa2e841f1e9e22e0a9f7ff697d879de549266aaf9913962615696facfc7ace8b8f9cb1b93f04.jpeg"
          },
          {
            "media": "https://cdn.contabo2.nxtcloud.it/tremiti/bays/f33cb5455029d7c4c4eb94a37d80c7d9e616c5083720efca02ab31a21a85b1edcd625e58932c3476afe072851d03ba44c7103ae0fea3a669e80081471ab61cf2.jpeg"
          },
          {
            "media": "https://cdn.contabo2.nxtcloud.it/tremiti/bays/d902c9c0e267cd2e28892ee99daa0bf8fbf7e2a9b823f7b574e2a4c4222e8a45728252ced3178659a41547d8067323e68f0a2c72b74021b74f73f553be0de4c4.jpeg"
          },
          {
            "media": "https://cdn.contabo2.nxtcloud.it/tremiti/bays/247f7d96ab1f066694733de17a9c140b8e4d8a407f3552c173333f79bde9e561894a3f7d129289b989f5e3074ef9c0d04472dc0a0be28173be3abc3ee00f8fa3.jpeg"
          },
          {
            "media": "https://cdn.contabo2.nxtcloud.it/tremiti/bays/5e94d02ea5f161ed6504e2b70d805e0cc0572b39bdce1a2cb42a980c8d1b56d143df5c602beaa12c4ad6abeb0c691edfcf22f1323d0f33daff9be8d2e216967b.jpeg"
          },
          {
            "media": "https://cdn.contabo2.nxtcloud.it/tremiti/bays/23583e60dc1feae87ad397f058e9942cf3a27533426492af900aa81aa021539bda6eab7efc181cbbd5a7af062477c7f8c72f7d49496958eec6a67e821c636410.jpeg"
          }
        ]
      }
    ],
    "island": "San Domino",
    "name": "Cala del Sale",
    "url": "https://tremitinow.it/Y2FsYS8xMg==",
    "link": "https://tremitinow.it/Y2FsYS8xMg=="
  },
  {
    "id": 13,
    "bay_info": [
      {
        "bay_photos": [
          {
            "media": "https://cdn.contabo2.nxtcloud.it/tremiti/bays/ccc2281076ddbc0b0e90122740ddd146e870082af2c033c5bd86c4477c0f2675b453d0f92a4bc585747165e5242e4da8200c94f94822c8fe30b636644120ec8f.jpeg"
          },
          {
            "media": "https://cdn.contabo2.nxtcloud.it/tremiti/bays/a930af5ae215fc9bea7c33c12124021610532d92317166aa64e60975b0da9de3da2548b88580708438ac6ce8ecd31e1441144be5693916e2dff6b74ad9f68f44.jpeg"
          },
          {
            "media": "https://cdn.contabo2.nxtcloud.it/tremiti/bays/e873921145bd18c5406bdd970f108f1b02c7021aa5e32cb0d96eb19feb1b36a68b392639e14f4318913aa5a508795f0e59c62b07754e8225725c2859b3452001.jpeg"
          }
        ]
      }
    ],
    "island": "San Domino",
    "name": "Cala delle Roselle",
    "url": "https://tremitinow.it/Y2FsYS8xMw==",
    "link": "https://tremitinow.it/Y2FsYS8xMw=="
  },
  {
    "id": 14,
    "bay_info": [
      {
        "bay_photos": [
          {
            "media": "https://cdn.contabo2.nxtcloud.it/tremiti/bays/e2627f21779749bd746d938d48fe2feb84f027f16a77f56f9d5a11db390e457da2f61454b09687443208bc640a0a3382cd42463e7486ce7ab717a5ed027fc6f4.jpeg"
          },
          {
            "media": "https://cdn.contabo2.nxtcloud.it/tremiti/bays/d4921d6d41044f5de515750d55329dbda1a61f603f3222d54e1e2d1c99ffc5d10625990ad8fff513d623b4980379eef1e672dc384c172ad76906357c4108f1ce.jpeg"
          },
          {
            "media": "https://cdn.contabo2.nxtcloud.it/tremiti/bays/5991d6ee118b10f6418d1bf4c97cb597afcd999c90f6ea7bd364552a4e4374d2137a0c062f1159a9dc41cff106a7c36e9e4378462b7d1129014e230897544c05.jpeg"
          }
        ]
      }
    ],
    "island": "San Domino",
    "name": "Grotta delle Viole",
    "url": "https://tremitinow.it/Y2FsYS8xNA==",
    "link": "https://tremitinow.it/Y2FsYS8xNA=="
  },
  {
    "id": 15,
    "bay_info": [
      {
        "bay_photos": [
          {
            "media": "https://cdn.contabo2.nxtcloud.it/tremiti/bays/1751cd47b3b73524182071eeb8b22de8f973e932696cfb6cf4f6886f9466fa618d43477c8a776208eead487cf5e4daf45f452f5eaf52590f79b57456a75c2337.jpeg"
          },
          {
            "media": "https://cdn.contabo2.nxtcloud.it/tremiti/bays/62d34f973786e21dda3fc004295d2dd388995b12a8ff3cc083759fd6970d6d2146613ac20143dd6587044295d2d8f1ccefc4b05e1db586f3332abbc6ecc2bbd8.jpeg"
          },
          {
            "media": "https://cdn.contabo2.nxtcloud.it/tremiti/bays/341e5dfbaf37871cc906c657f22c696bba632a648158be0f5bff5ac06ee7b1c5229f45eea2a98c3814cd7a45aff9327c3369c5800ad58baa0950a47c6b92cf43.jpeg"
          },
          {
            "media": "https://cdn.contabo2.nxtcloud.it/tremiti/bays/93c9824791217e3d2b46f3fd57a58e977737102e969ab9d58cf811ecb170a4eba3be1ff2a0a0f5729e7c30c71b58de767134345aa384c3576fcf0140b57209e7.jpeg"
          },
          {
            "media": "https://cdn.contabo2.nxtcloud.it/tremiti/bays/88e0326b8b5dccd3a46c9aa17a5dbf1e4c6fd1202eef958685d03bcce834f74ff676b6c3ac38698bff6f071eed88bd85f5c3ace0ca36666c21efd4a5e2a3384e.jpeg"
          }
        ]
      }
    ],
    "island": "San Domino",
    "name": "Cala dello Zio Cesare",
    "url": "https://tremitinow.it/Y2FsYS8xNQ==",
    "link": "https://tremitinow.it/Y2FsYS8xNQ=="
  },
  {
    "id": 16,
    "bay_info": [
      {
        "bay_photos": [
          {
            "media": "https://cdn.contabo2.nxtcloud.it/tremiti/bays/84aaff5d951841d39db1d0c06647e828c2b9a82e307f5a37a62c5645559193868bc2ebfeface0bbebdcc08c5d6cb2ff4df50674bec14fc8186ea333ef37fb133.jpeg"
          }
        ]
      }
    ],
    "island": "San Domino",
    "name": "Punta dello Zio Cesare",
    "url": "https://tremitinow.it/Y2FsYS8xNg==",
    "link": "https://tremitinow.it/Y2FsYS8xNg=="
  },
  {
    "id": 17,
    "bay_info": [
      {
        "bay_photos": []
      }
    ],
    "island": "1_sandomino",
    "name": "Le Tre Senghe",
    "link": "https://tremitinow.it/Y2FsYS8xNw=="
  },
  {
    "id": 18,
    "bay_info": [
      {
        "bay_photos": [
          {
            "media": "https://firebasestorage.googleapis.com/v0/b/tremti-n.appspot.com/o/bays_imgs%2F18%2F56556eaa-db9d-4901-b6c3-56e1ebc1711c.jpeg?alt=media&token=db790ec5-2e92-4958-97c5-0dcbc8bcee4c"
          }
        ]
      }
    ],
    "island": "San Domino",
    "name": "Punta del Diavolo",
    "url": "https://tremitinow.it/Y2FsYS8xOA==",
    "link": "https://tremitinow.it/Y2FsYS8xOA=="
  },
  {
    "id": 20,
    "bay_info": [
      {
        "bay_photos": [
          {
            "media": "https://firebasestorage.googleapis.com/v0/b/tremti-n.appspot.com/o/bays_imgs%2F20%2Fc4eff574-533a-4b00-8959-7766c9bf7fc7.jpeg?alt=media&token=57ba5160-f5f6-4d91-9a6d-ebd56d0f809b"
          }
        ]
      }
    ],
    "island": "San Domino",
    "name": "Punta della Provvidenza",
    "url": "https://tremitinow.it/Y2FsYS8yMA==",
    "link": "https://tremitinow.it/Y2FsYS8yMA=="
  },
  {
    "id": 21,
    "bay_info": [
      {
        "bay_photos": [
          {
            "media": "https://cdn.contabo2.nxtcloud.it/tremiti/bays/78a4ef3db069874dcb356e7dcdd6e0c80c513e52b4411e3e18d141454d4575edf124feedbd42a972420916d33d6d2d5dc9ac6e8b9bcfc8228e091351d4b284df.jpeg"
          },
          {
            "media": "https://cdn.contabo2.nxtcloud.it/tremiti/bays/9e1c8e9a3aec16284d1ae6be301edb1ed7348dc0dd7ed01c0aea1f6bb27110104e37a956212b5230e6c7bedc170f2b96718104be2351942aecad7f8c42361793.jpeg"
          },
          {
            "media": "https://cdn.contabo2.nxtcloud.it/tremiti/bays/db79c8b6b55c8dd864a2ac0152b7f9cf54bc9e459f7a1574fb6884657aaa1a8bad19b4e91c6b26e3e5b707dc4cb684403898f8432cc353d53525686e9e77bbd2.jpeg"
          }
        ]
      }
    ],
    "island": "San Domino",
    "name": "Grotta del Bue Marino",
    "url": "https://tremitinow.it/Y2FsYS8yMQ==",
    "link": "https://tremitinow.it/Y2FsYS8yMQ=="
  },
  {
    "id": 22,
    "bay_info": [
      {
        "bay_photos": [
          {
            "media": "https://cdn.contabo2.nxtcloud.it/tremiti/bays/2133bfc2381fbd97720e71c9fdb958b42b36a9b1e0a7aa7b434c54c5cc9396d52f1f55065c245ba1b27e6fdf436ecbdaee2afcffa16cdf144e960fce3e317f56.jpeg"
          },
          {
            "media": "https://cdn.contabo2.nxtcloud.it/tremiti/bays/e4e420f98fa8dd441c44f48dd866644563104b633a93f8b2e300181d8603529924112e38e1ddbcd46797d64946016c7f6a6328d5710c9ad2f7fae147d44f68d8.jpeg"
          }
        ]
      }
    ],
    "island": "San Domino",
    "name": "Cala del Bue Marino",
    "url": "https://tremitinow.it/Y2FsYS8yMg==",
    "link": "https://tremitinow.it/Y2FsYS8yMg=="
  },
  {
    "id": 23,
    "bay_info": [
      {
        "bay_photos": [
          {
            "media": "https://cdn.contabo2.nxtcloud.it/tremiti/bays/03b00b365231d9c94229dd823d72465af6ad1bd29840e3e33861bd7a60196bfb6b6235f135a81e4be04cc5336874bcdd170bbccf73916efbf5e58fa7bbff9ed8.jpeg"
          },
          {
            "media": "https://cdn.contabo2.nxtcloud.it/tremiti/bays/eefde2ae75336ecdd45847e8fb9e105f4ea04ba88ad89b2fecb490329a754f075d73d3fb16cd18850381b042f63ed2ee97e913343eb21ea2e9a918de5185e41f.jpeg"
          }
        ]
      }
    ],
    "island": "San Domino",
    "name": "Punta Secca",
    "url": "https://tremitinow.it/Y2FsYS8yMw==",
    "link": "https://tremitinow.it/Y2FsYS8yMw=="
  },
  {
    "id": 24,
    "bay_info": [
      {
        "bay_photos": [
          {
            "media": "https://cdn.contabo2.nxtcloud.it/tremiti/bays/eee4a4ee249bc2580880f3b453d2c593b3a5594a970cff4044b7e2b3c0379912b7abd12595a1729bbc65277440d82a3ae8d6b63dc6ad129a736e420b9bf08f3d.jpeg"
          },
          {
            "media": "https://cdn.contabo2.nxtcloud.it/tremiti/bays/92e53865f820554151a1c258b5768c26ce03c238a794c7cbb382c31f171c199f0449bfdd3de9c14bfed9a474809698199df998efb6aabdeb071ed01a82dfaf33.jpeg"
          }
        ]
      }
    ],
    "island": "San Domino",
    "name": "Architiello di San Domino",
    "url": "https://tremitinow.it/Y2FsYS8yNA==",
    "link": "https://tremitinow.it/Y2FsYS8yNA=="
  },
  {
    "id": 25,
    "bay_info": [
      {
        "bay_photos": [
          {
            "media": "https://cdn.contabo2.nxtcloud.it/tremiti/bays/485d463988e363fe356589e63ea99dd16fef03d11fd9f0e2c8cf7ec23dd0fef2076c12a34a4004359847fdc9d06f6b33fc619310863010613e249502c1effedc.jpeg"
          },
          {
            "media": "https://cdn.contabo2.nxtcloud.it/tremiti/bays/e7b311827978c6d70719883c6cb7771224b716196b3d35ba8ac65e3536da9318d4108d11717fdf9537f6d3fc6bea21354517667c386e5afd0a6b68a96a8e2f73.jpeg"
          },
          {
            "media": "https://cdn.contabo2.nxtcloud.it/tremiti/bays/aec01ca21e5a1d2589af0b31bc3dc703d08d6cf949fc3c2fbf50c87b3588f084c816fe32289f60be608775cbdf28f1351e6a7ac1ed0c7240a34db0ed9892f819.jpeg"
          },
          {
            "media": "https://cdn.contabo2.nxtcloud.it/tremiti/bays/5dd4b37c02f6a99269912ecd9ced2bb87cdf61d29355d543e1b67fcdb8178abc44f606f8a527cafaefa2aca110e494542cff2d8cc2b8ee53aa3fb33b82c6fd56.jpeg"
          }
        ]
      }
    ],
    "island": "San Domino",
    "name": "Grotta delle Rondinelle",
    "url": "https://tremitinow.it/Y2FsYS8yNQ==",
    "link": "https://tremitinow.it/Y2FsYS8yNQ=="
  },
  {
    "id": 26,
    "bay_info": [
      {
        "bay_photos": [
          {
            "media": "https://firebasestorage.googleapis.com/v0/b/tremti-n.appspot.com/o/bays_imgs%2F26%2Fd994cc58-8dba-4e64-8e1d-69782de6e926.jpeg?alt=media&token=c167284b-ffec-4319-97f0-124cefce976f"
          }
        ]
      }
    ],
    "island": "San Domino",
    "name": "Cala delle Rondinelle",
    "url": "https://tremitinow.it/Y2FsYS8yNg==",
    "link": "https://tremitinow.it/Y2FsYS8yNg=="
  },
  {
    "id": 28,
    "bay_info": [
      {
        "bay_photos": [
          {
            "media": "https://cdn.contabo2.nxtcloud.it/tremiti/bays/cc3ef7bdfc942c9ba64021d212bc37fbe27819f63f024aab4c0c7d22c4a21619651fb4600252c792e0855ca36a7fbdda2c541b5c31aac92d6818fa27ddfa28e0.jpeg"
          },
          {
            "media": "https://cdn.contabo2.nxtcloud.it/tremiti/bays/7fb5261fa8df20c7c74ed0a1e53a555f6f9dc7980836fff8416528c8ca801a08f062d77239bb9a7d5688a8c3ba3a93dc972fa682d1e575b39e686c96d66593ff.jpeg"
          },
          {
            "media": "https://cdn.contabo2.nxtcloud.it/tremiti/bays/3bc4c9d8dbfbe8ff05ea2693719509a2caeed226d9bf4bf0df5d0e65f2b07941fc897411a166196495e021fc2b972b2fe6b4fe5a9366c969d5a4f9fd5121915b.jpeg"
          },
          {
            "media": "https://cdn.contabo2.nxtcloud.it/tremiti/bays/1da97e5026e3d3ce407044837dc2de4bbec4e46ec4638839a7843d13e5e030fe4268f2bb98e86bcf737a9fdcff5ded66f137e4b996f0bb6423f07f31213bfc7e.jpeg"
          }
        ]
      }
    ],
    "island": "San Domino",
    "name": "Cala dei Benedettini",
    "url": "https://tremitinow.it/Y2FsYS8yOA==",
    "link": "https://tremitinow.it/Y2FsYS8yOA=="
  },
  {
    "id": 29,
    "bay_info": [
      {
        "bay_photos": [
          {
            "media": "https://cdn.contabo2.nxtcloud.it/tremiti/bays/12c9a1a1f92de00c782d0c849fdc7f79ac66610971d63376353784e32d5e06479decbaabfd582ed703f69e55f75f945374cdf113552b0b6ca1f751fda69ae157.jpeg"
          }
        ]
      }
    ],
    "island": "San Domino",
    "name": "Punta del Vuccolo",
    "url": "https://tremitinow.it/Y2FsYS8yOQ==",
    "link": "https://tremitinow.it/Y2FsYS8yOQ=="
  },
  {
    "id": 30,
    "bay_info": [
      {
        "bay_photos": [
          {
            "media": "https://cdn.contabo2.nxtcloud.it/tremiti/bays/ff6c3ac0714efc72c2c0592e908472482caf26c177ab6d05dab6671723cf2e52586a3e1538caf9addb287ca2fa207366c6ffc5b5cdb8c0fa2cc9e3f6110e8998.jpeg"
          },
          {
            "media": "https://cdn.contabo2.nxtcloud.it/tremiti/bays/4cf8987a1e1325bfc3ddcb77b0b35bedce7aa443bf0cf29503d2fbab22ba5a87d31b8f11637e52d8469a1c4078d522b182be1f307c1c708cd32e9a491a53c4d4.jpeg"
          },
          {
            "media": "https://cdn.contabo2.nxtcloud.it/tremiti/bays/37e9de3b5123dc28d61d451c8887b0fa817df7eb5d26e3c140a216b264a0756ece4f9368a2786b084b1d6680962d186ed18fdfca1cf7250cac02003c4831c308.jpeg"
          },
          {
            "media": "https://cdn.contabo2.nxtcloud.it/tremiti/bays/36b519afa8ccc46a739592bfffa59f86a927d2f784c7e207cbdd8a032a87bd43bf64712a63c075d7cbe1522d16a67cac03c8d33f214b4eb053964c42f3ae0167.jpeg"
          }
        ]
      }
    ],
    "island": "San Domino",
    "name": "Cala degli Inglesi",
    "url": "https://tremitinow.it/Y2FsYS8zMA==",
    "link": "https://tremitinow.it/Y2FsYS8zMA=="
  },
  {
    "id": 31,
    "bay_info": [
      {
        "bay_photos": [
          {
            "media": "https://cdn.contabo2.nxtcloud.it/tremiti/bays/4433241d1b6a00aadaa1440b76a190c621fa099e546dee2bf247b4130969e5e52880d31875323e53af49d593df33cad13641a2cc1add870e3ad40932fe4df1f9.jpeg"
          },
          {
            "media": "https://cdn.contabo2.nxtcloud.it/tremiti/bays/ef4a5915bc9b591ed905b67549c2b5ee2d3b3f2ec08b1312c040486bb4840bea0b036317ba1ef2ded619113f11901ac558554e17aa80c8f839611d35af17488b.jpeg"
          },
          {
            "media": "https://cdn.contabo2.nxtcloud.it/tremiti/bays/b74037fcbcb08bb3202ca9413993e72b9e65ce85111779443d0ba6d97de693df98d6be126ba31274a713279618d5bcbb2323e62f69951dd09545b4b8386a6c15.jpeg"
          },
          {
            "media": "https://cdn.contabo2.nxtcloud.it/tremiti/bays/e70e240a77e4443b1fb5b58786389c9d952829463d8e42c84d6c64ffe3cb2bee64b187bce3dd7a601a543252130751ad20c81c1fa0d27a63b82e804327e9ab18.jpeg"
          }
        ]
      }
    ],
    "island": "San Domino",
    "name": "Cala Tramontana",
    "url": "https://tremitinow.it/Y2FsYS8zMQ==",
    "link": "https://tremitinow.it/Y2FsYS8zMQ=="
  },
  {
    "id": 32,
    "bay_info": [
      {
        "bay_photos": [
          {
            "media": "https://cdn.contabo2.nxtcloud.it/tremiti/bays/53a5a9f0f6dcbb8f153133658692ad210847edd33f2990c2a2a8d07f0a4382675a7e785a6e6f1a98264dbffd97cab0a98a52592c9737c165f252f85e63a891fb.jpeg"
          },
          {
            "media": "https://cdn.contabo2.nxtcloud.it/tremiti/bays/4939b15328da1454909a0a6fcfd253714ce1c011ba1e9c5765dda6f8eff58c53dce38cee8a9a8002ed037f3c7c1fe5399ca5dca09bb8438ccce33205a38b9f9d.jpeg"
          },
          {
            "media": "https://cdn.contabo2.nxtcloud.it/tremiti/bays/8710739e14178628066e574b261e0fadf91022dd54a9941e115c15419cf8cd67efc4da3a11405c62bba82c95eb73a0482ace7b967113c539c2b1c48332f17856.jpeg"
          }
        ]
      }
    ],
    "island": "San Domino",
    "name": "Cala Tonda",
    "url": "https://tremitinow.it/Y2FsYS8zMg==",
    "link": "https://tremitinow.it/Y2FsYS8zMg=="
  },
  {
    "id": 33,
    "bay_info": [
      {
        "bay_photos": []
      }
    ],
    "island": "1_sandomino",
    "name": "Grotta del Coccodrillo",
    "link": "https://tremitinow.it/Y2FsYS8zMw=="
  },
  {
    "id": 34,
    "bay_info": [
      {
        "bay_photos": []
      }
    ],
    "island": "1_sandomino",
    "name": "Punta del Coccodrillo",
    "link": "https://tremitinow.it/Y2FsYS8zNA=="
  },
  {
    "id": 35,
    "bay_info": [
      {
        "bay_photos": [
          {
            "media": "https://cdn.contabo2.nxtcloud.it/tremiti/bays/54bedc85f7e5be588a257da876b54f631bba3a9c4621302e7b95444c927e5783ed871453bc631939169fa1139731f57c0d8a662f9121416bc0031b134268bb45.jpeg"
          },
          {
            "media": "https://cdn.contabo2.nxtcloud.it/tremiti/bays/a5e5e676a844100cdb331e859cd53c4b2b9778af655f086940e32e5a6855cc6c39740df0f242eb834de0b161a107084ff2a1c0dabe06ba7bb8a74294c69e6f43.jpeg"
          },
          {
            "media": "https://cdn.contabo2.nxtcloud.it/tremiti/bays/7ac317db64d476c344392ffd84c189edaf981a956951e5b8dae68e86e6974bca983aada8a1ee544b84c0fa05302da4e295bca34b6986eacabe37eb5680409ea6.jpeg"
          },
          {
            "media": "https://cdn.contabo2.nxtcloud.it/tremiti/bays/61ccedb6c8ae4fc815aa8eb3b981b298aab067ca5ad84b91a828851f41943c6f5c8f8088990ff76f717c308eca6a703d9e0920439f012afc2530a5409ce50f11.jpeg"
          }
        ]
      }
    ],
    "island": "San Domino",
    "name": "Cala Tamariello",
    "url": "https://tremitinow.it/Y2FsYS8zNQ==",
    "link": "https://tremitinow.it/Y2FsYS8zNQ=="
  },
  {
    "id": 1,
    "bay_info": [
      {
        "bay_photos": [
          {
            "media": "https://cdn.contabo2.nxtcloud.it/tremiti/bays/25dd0558f6fd03470e42de8343716d01b2f9c574fcde5ded9b6aaece1ffda1e571267d8eead69be89de29ff8571efb4617df2504485f95c7d7a7f30062e16232.jpeg"
          }
        ]
      }
    ],
    "island": "San Domino",
    "name": "Punta del Diamante",
    "url": "https://tremitinow.it/Y2FsYS8x",
    "link": "https://tremitinow.it/Y2FsYS8x"
  },
  {
    "id": 2,
    "bay_info": [
      {
        "bay_photos": [
          {
            "media": "https://cdn.contabo2.nxtcloud.it/tremiti/bays/11626179c01478a94fad565effcdadae8c41232fc39701212bcf6d563f5de762079bb849e4fe9c4053251563c6a751a7556ed4f21f45ae711502a9f887b57094.jpeg"
          },
          {
            "media": "https://cdn.contabo2.nxtcloud.it/tremiti/bays/c4ebbf54cccb1491430cee7462538cfb41b50ddb51480bbab85750e3f5dbd1f2aa5885ff0b68688838db9d93be3a6d8f9a6588851f2436ae0d275cc3e735cb89.jpeg"
          },
          {
            "media": "https://cdn.contabo2.nxtcloud.it/tremiti/bays/bb8c37b90199e441cfed5a2424ba81c74c24df2bb026be146aff5c7bb56157681ce52a07a2404859c7ab7b283188e45ae4082a44d2ce3964badaf8895e039983.jpeg"
          },
          {
            "media": "https://cdn.contabo2.nxtcloud.it/tremiti/bays/a7952b837a561624cbed53ef205f342ece3cc33254e793202578888774fcb44afcce2269670e7b8aecf4a55d7b90666a073547794022c9c2868287aa38542745.jpeg"
          },
          {
            "media": "https://cdn.contabo2.nxtcloud.it/tremiti/bays/e904fb94603b750d0fffd32feadfadfc435bcabccd3e297d8d32f5535be09f8a574386e37704dea4e8ef55d36f2ca1fb5352460d9ca81b1ff754e17acda23e83.jpeg"
          },
          {
            "media": "https://cdn.contabo2.nxtcloud.it/tremiti/bays/18104d4de076c572a55a04aab629adaffdf24304999312d0c5937ea9cbdfc0e111297edbde8db5071f81e3e6f028daab8faa1bbea82433815bb059d071fac89b.jpeg"
          },
          {
            "media": "https://cdn.contabo2.nxtcloud.it/tremiti/bays/ac9419d77effdca0e4bdd0b4c20847cfc33905b4ee285858a19c99111a2a668604a3a1ecb31f34c88baf9104173262d6ddc060dede6815b1599bec3038fdd125.jpeg"
          },
          {
            "media": "https://cdn.contabo2.nxtcloud.it/tremiti/bays/a5803f456a8e537ef0727a2493fb40a9e6ff28c3397319d23bc5e239d7eec90487e7cb0499432764860f384214a92773be40babc071f4eec4094ae8e5ed730b7.jpeg"
          },
          {
            "media": "https://cdn.contabo2.nxtcloud.it/tremiti/bays/a88d85ca4ac0184984121e49b23c7e339ec0c15d5111fac0e89e5fc742ce8f2bd734f87183f6d057da9585f86af8c14ecf0068248369909e4cedac22131ed3d4.jpeg"
          },
          {
            "media": "https://firebasestorage.googleapis.com/v0/b/tremti-n.appspot.com/o/bays_imgs%2F2%2Facc3cc68-5e50-43b6-a045-3bf1fc02ddcc.jpeg?alt=media&token=e963e823-7f42-4858-abc3-ba743e02b1cb"
          }
        ]
      }
    ],
    "island": "San Domino",
    "name": "I Pagliai",
    "url": "https://tremitinow.it/Y2FsYS8y",
    "link": "https://tremitinow.it/Y2FsYS8y"
  },
  {
    "id": 3,
    "bay_info": [
      {
        "bay_photos": [
          {
            "media": "https://firebasestorage.googleapis.com/v0/b/tremti-n.appspot.com/o/bays_imgs%2F3%2F19c4ef2e-f870-48b0-91db-62047b89c979.jpeg?alt=media&token=b04089ba-5e07-48ea-b83e-6f2ee99d3975"
          }
        ]
      }
    ],
    "island": "San Domino",
    "name": "Cala delle Arene",
    "url": "https://tremitinow.it/Y2FsYS8z",
    "link": "https://tremitinow.it/Y2FsYS8z"
  },
  {
    "id": 4,
    "bay_info": [
      {
        "bay_photos": [
          {
            "media": "https://cdn.contabo2.nxtcloud.it/tremiti/bays/3b9de5a83a82a96fdc0c3a4b8d8daf71b93e634b47de3cb67c3f6c99108cb18fac583a18b1cca0dc4aba026f1d7f2ab812b982c1eca15b549263c5c513717b58.jpeg"
          },
          {
            "media": "https://cdn.contabo2.nxtcloud.it/tremiti/bays/88c45e79735c40bbf9efff1ee14ab337868db86da4f64573961acc4aca3c18a41c37f2a150fb3d39e44d2ae8eb1095bfd28ed7fa872f4f88b3cefd778e17d049.jpeg"
          },
          {
            "media": "https://cdn.contabo2.nxtcloud.it/tremiti/bays/40a5ef327121229879619a1345b5d135f35b36bca73a665db49c5ec4e6ca580c6496d43485607c0739635cd5a94f9bb5c71e2f85cad29f87b281e9b48d0c9834.jpeg"
          }
        ]
      }
    ],
    "island": "San Domino",
    "name": "Punta dello Spido",
    "url": "https://tremitinow.it/Y2FsYS80",
    "link": "https://tremitinow.it/Y2FsYS80"
  },
  {
    "id": 5,
    "bay_info": [
      {
        "bay_photos": [
          {
            "media": "https://cdn.contabo2.nxtcloud.it/tremiti/bays/e9ba90779b485f905eff85a27e0f16c959a7713ddfa95e75b2ab2d13c8a622aa37e8591a71928e9cbe31294b54cb22b771c59b7eb5b1650d43668509bd224f9d.jpeg"
          },
          {
            "media": "https://cdn.contabo2.nxtcloud.it/tremiti/bays/dbc3d2e3a590bd3f24c919543b53d28c2ef33ab96f3207ee44ef0e0f7d52c119ba54cdad54fce9e4cc22990b3f4dafa8e8b99f5d2db02f2aee4f4b600e9d60f8.jpeg"
          },
          {
            "media": "https://cdn.contabo2.nxtcloud.it/tremiti/bays/94f1ac8e36e1cdb37e864165261cb592320b0a27395b7cd0a8b04765c03b8c485a9cfde8bbe3da4ce49233184b18e8db0fced96551f4e4a852a69c8cef3c122d.jpeg"
          },
          {
            "media": "https://cdn.contabo2.nxtcloud.it/tremiti/bays/9453f6cb0b0d696e26ab3c1b0f062d83d88b7933f7bb7832d9cae7032437fcd3b88e31e4b33ac52029697d0fe640e6c509fad07bcb445b69c92efc1f5bd8aabd.jpeg"
          },
          {
            "media": "https://cdn.contabo2.nxtcloud.it/tremiti/bays/783119180d641ff286f8ac83ed78b5694073f0f0dc52330cfe899dda0505470a12a097bd0428635c01cd61bf9dc2228926bdf8f14b643bc0d39aeb70dcd84816.jpeg"
          },
          {
            "media": "https://cdn.contabo2.nxtcloud.it/tremiti/bays/6094653c73741729b8c8b6ba3299ca459577a3b7b0f29943e7700555f08092b519efb8382829258c5ba3522f8b62f8ae6aa6cde8a0942a4ee4e7445a37548419.jpeg"
          }
        ]
      }
    ],
    "island": "San Domino",
    "name": "Cala Spido",
    "url": "https://tremitinow.it/Y2FsYS81",
    "link": "https://tremitinow.it/Y2FsYS81"
  },
  {
    "id": 6,
    "bay_info": [
      {
        "bay_photos": [
          {
            "media": "https://cdn.contabo2.nxtcloud.it/tremiti/bays/25453776e2ac328f457419a1beeb4389feb0c7f10ff10bb89ecc652a4ba4bca654e264ab4bab7601e616e6f3483bcb0dd5a87d70a95c84d06add1c787c4c765a.jpeg"
          },
          {
            "media": "https://cdn.contabo2.nxtcloud.it/tremiti/bays/ac14f0667c8cedc0e0918cce9ba479f2ad2424911e83fa706468d926e318846297c451cad4f3cf462818941c3afd9f05d632366c1ea37d50362a61423f484d8b.jpeg"
          }
        ]
      }
    ],
    "island": "San Domino",
    "name": "Punta Matano",
    "url": "https://tremitinow.it/Y2FsYS82",
    "link": "https://tremitinow.it/Y2FsYS82"
  },
  {
    "id": 7,
    "bay_info": [
      {
        "bay_photos": [
          {
            "media": "https://cdn.contabo2.nxtcloud.it/tremiti/bays/ecbad6fca8a1382e8418cc76d0d225b27e2be234203343238a6ea103af16faf1addb7f6e6a6d3ebdd70adff108819c9a73cadaaeba7abff4f5748f4f2272ace5.jpeg"
          },
          {
            "media": "https://cdn.contabo2.nxtcloud.it/tremiti/bays/962ea04f63ea0a8a69f56eb246e47033c3048b4608014c022b9cd49b0aad098747f3f8417a6e0fadcd40a3af1bdb74d279a3763240f1867f73792342c12ae08a.jpeg"
          },
          {
            "media": "https://cdn.contabo2.nxtcloud.it/tremiti/bays/c399cc7363db43fd4abfd1b17036f990075320501210669bbf624b185776e17d60899821afa2c9377ea57d166e262eec7b0f327903bb22527cf32a3c16d8e859.jpeg"
          },
          {
            "media": "https://cdn.contabo2.nxtcloud.it/tremiti/bays/e4c2cec1669d86e463df4870c338e381e55de66219dec739f4071c065f823a10494226d0f142f1863252c71a8c71b8750da0ce1b649ca56590db3ff1eda28464.jpeg"
          },
          {
            "media": "https://cdn.contabo2.nxtcloud.it/tremiti/bays/2e378e735c67238db89b80cd0c7f3e5ca6011a4dc4f1f336cffff8789d8c40d4c1a9de3554f3d8a31ff4733b32bb084bc0996e6160990d19a095d7559586d463.jpeg"
          },
          {
            "media": "https://cdn.contabo2.nxtcloud.it/tremiti/bays/3540e2667d01dd5e41e8582f42e4323295f013b61e61ab3c00f57c865bce5582134b4122f0b07e5356c387bb7f53c30069d8adecc9952a010937a7b7ab548be0.jpeg"
          },
          {
            "media": "https://cdn.contabo2.nxtcloud.it/tremiti/bays/6682feec6ca6e7cb71d603fd83b02d256291d5ae0b97d562d7e8fa3b9336c042ad17e0ba83674ea9266dd462463d14213bea00a73f233a4a0250f11ea3063f6a.jpeg"
          },
          {
            "media": "https://cdn.contabo2.nxtcloud.it/tremiti/bays/0b9ff253063f5b5af107373d3d6804530a362db374958bcbeb3d37718fd0d6e156e0a8550ae5b808ec3cb9241e4513eff60d4cc51ae0cd4e173214832242dde5.jpeg"
          },
          {
            "media": "https://cdn.contabo2.nxtcloud.it/tremiti/bays/eef3e43ebd8518c5880bb849420af1a0b68e34e47e24011a114484b0f54490add2440c1d79d694bbb56029f063d3577eda71453b19e38586fc9c943d91922ce2.jpeg"
          },
          {
            "media": "https://cdn.contabo2.nxtcloud.it/tremiti/bays/b6dfef3366294d1e7d95bfa7c1afa902cb970cb7a0c65c71c8514d6e7f8c7c93c9979ab100fc998524bfbd96c88cd836c8bbb16c41d63ff1fb32eb3b85eb96f3.jpeg"
          },
          {
            "media": "https://cdn.contabo2.nxtcloud.it/tremiti/bays/ca37777401d76b6c2307802471dd1a5fa3ae09285322330e521248a394f0c29a5f0e0eea8c12413d1fe944936a6b4a1521975ccfe1d1f5d448fa4d632e60bcc5.jpeg"
          },
          {
            "media": "https://cdn.contabo2.nxtcloud.it/tremiti/bays/4c247e029be11ab1214b130f2755743d92d5bc973a5431f6fbacf71b0451061234132d0f1412991dac2e42fb7bd6e213da08ba00ed18b4e12a1b72f39fbe2e4e.jpeg"
          },
          {
            "media": "https://cdn.contabo2.nxtcloud.it/tremiti/bays/bcabb9c41c801f6324a1179fe5691eeb18991c87924e93b5ed08535008a53d42e669c3ae581c0c80ea30585d70b72d4fcf9a6b526532ab990970b0dbf65a7e6e.jpeg"
          },
          {
            "media": "https://cdn.contabo2.nxtcloud.it/tremiti/bays/440dc8dc2831c891d9c444c7cac5c8fc2b76fb023929adc7d9747e3fa30310e4410b44231c167cb9e280d003ce33fad1a8ae0c804689887168b5dee5e1d89410.jpeg"
          },
          {
            "media": "https://firebasestorage.googleapis.com/v0/b/tremti-n.appspot.com/o/bays_imgs%2F7%2F77e3c0c7-174a-4a1c-ba27-6aac1e5d4180.jpeg?alt=media&token=12c38ae3-e281-47b3-b59f-6fc4ba89bd58"
          }
        ]
      }
    ],
    "island": "San Domino",
    "name": "Cala Matano",
    "url": "https://tremitinow.it/Y2FsYS83",
    "link": "https://tremitinow.it/Y2FsYS83"
  },
  {
    "id": 8,
    "bay_info": [
      {
        "bay_photos": [
          {
            "media": "https://cdn.contabo2.nxtcloud.it/tremiti/bays/c4589fc203e4d3bfab3e87d19f2f61f89268323dea6be335f346fa53a59801c757c8916b170dca2834967ccbb35e4d8d4676a9d259672e84399111d9846acec4.jpeg"
          }
        ]
      }
    ],
    "island": "San Domino",
    "name": "Punta del Pigno",
    "url": "https://tremitinow.it/Y2FsYS84",
    "link": "https://tremitinow.it/Y2FsYS84"
  },
  {
    "id": 9,
    "bay_info": [
      {
        "bay_photos": [
          {
            "media": "https://cdn.contabo2.nxtcloud.it/tremiti/bays/9de9d3d71a3992b4bd1751f1bf49977c26f334cffd5d6d1cb9a2a871bfb84b81478386b0d6322c98a45e381cb4bacb68c927d4ee49bf1bef13dadb9bb9f3215f.jpeg"
          },
          {
            "media": "https://cdn.contabo2.nxtcloud.it/tremiti/bays/862ebca94fc3a000011325dfa706081272744b0609918331752a1aa21a1f7a946f77c6f09e89a63d344d038ab0c8dc8d240d7c320d5094083485385108b52d8d.jpeg"
          }
        ]
      }
    ],
    "island": "San Domino",
    "name": "Cala del Pigno",
    "url": "https://tremitinow.it/Y2FsYS85",
    "link": "https://tremitinow.it/Y2FsYS85"
  },
  {
    "id": 10,
    "bay_info": [
      {
        "bay_photos": [
          {
            "media": "https://cdn.contabo2.nxtcloud.it/tremiti/bays/6d996a98d5c0c9120abcac9a32cad1f33319c3f243613191eebad033c78e2ff93f0c692b78907f28141ced9ed67d2ccb75c28ea909e3c9d90a7107a871906012.jpeg"
          },
          {
            "media": "https://cdn.contabo2.nxtcloud.it/tremiti/bays/47ca24ac543830606f1d2ea303f468b4649a6459d5a0e2b6c3fc8ac646ff306ec126803dadf6ae659e1bcd9381308f482b35a1bde83ecbcda757dd2b6d1afb56.jpeg"
          },
          {
            "media": "https://cdn.contabo2.nxtcloud.it/tremiti/bays/5369d23a2aed7204b93a7e660de526f8699f689341a10b8abe65e51fbc193143a2ed0737013a1fb5508afe3986e82a077f4e8e9399ab0506fb685b85c0f79ad2.jpeg"
          }
        ]
      }
    ],
    "island": "San Domino",
    "name": "Scoglio dell'Elefante",
    "url": "https://tremitinow.it/Y2FsYS8xMA==",
    "link": "https://tremitinow.it/Y2FsYS8xMA=="
  }
]