{"services":[{"vessel":"NAVE Santa Lucia","duration_minutes":75}],"periods":[{"from":"2025-04-01","to":"2025-05-31"},{"from":"2025-06-01","to":"2025-09-30"},{"from":"2025-10-01","to":"2025-12-31"}],"schedules":[{"direction":"Termoli -> Isole Tremiti","days":["Friday","Saturday"],"departure_time":"08:00","period":"2025-04-01 - 2025-05-31"},{"direction":"Termoli -> Isole Tremiti","days":["Monday","Tuesday","Wednesday","Thursday","Friday","Saturday","Sunday"],"departure_time":"09:00","period":"2025-04-01 - 2025-05-31"},{"direction":"Termoli -> Isole Tremiti","days":["Friday","Saturday"],"departure_time":"15:15","period":"2025-04-01 - 2025-05-31"},{"direction":"Termoli -> Isole Tremiti","days":["Monday","Tuesday","Wednesday","Thursday","Friday","Saturday"],"departure_time":"08:00","period":"2025-06-01 - 2025-09-30"},{"direction":"Termoli -> Isole Tremiti","days":["Monday","Tuesday","Wednesday","Thursday","Friday","Saturday","Sunday"],"departure_time":"09:00","period":"2025-06-01 - 2025-09-30"},{"direction":"Termoli -> Isole Tremiti","days":["Friday","Saturday"],"departure_time":"15:45","period":"2025-06-01 - 2025-09-30"},{"direction":"Termoli -> Isole Tremiti","days":["Friday","Saturday"],"departure_time":"08:00","period":"2025-10-01 - 2025-12-31"},{"direction":"Termoli -> Isole Tremiti","days":["Monday","Tuesday","Wednesday","Thursday","Friday","Saturday","Sunday"],"departure_time":"09:00","period":"2025-10-01 - 2025-12-31"},{"direction":"Termoli -> Isole Tremiti","days":["Friday","Saturday"],"departure_time":"15:15","period":"2025-10-01 - 2025-12-31"},{"direction":"Isole Tremiti -> Termoli","days":["Friday","Saturday"],"departure_time":"09:35","period":"2025-04-01 - 2025-05-31"},{"direction":"Isole Tremiti -> Termoli","days":["Monday","Tuesday","Wednesday","Thursday","Friday","Saturday","Sunday"],"departure_time":"17:00","period":"2025-04-01 - 2025-05-31"},{"direction":"Isole Tremiti -> Termoli","days":["Monday","Wednesday","Thursday","Friday","Saturday"],"departure_time":"09:35","period":"2025-06-01 - 2025-09-30"},{"direction":"Isole Tremiti -> Termoli","days":["Monday","Tuesday","Wednesday","Thursday","Friday","Saturday","Sunday"],"departure_time":"17:20","period":"2025-06-01 - 2025-09-30"},{"direction":"Isole Tremiti -> Termoli","days":["Monday","Wednesday","Thursday","Friday","Saturday"],"departure_time":"16:45","period":"2025-10-01 - 2025-12-31"},{"direction":"Isole Tremiti -> Termoli","days":["Friday","Saturday"],"departure_time":"09:35","period":"2025-10-01 - 2025-12-31"},{"direction":"Isole Tremiti -> Termoli","days":["Monday","Tuesday","Wednesday","Thursday","Friday","Saturday","Sunday"],"departure_time":"15:00","period":"2025-10-01 - 2025-12-31"}],"pricing":{"low_season":{"period":"2025-04-01 - 2025-05-31","adults":13.60},"high_season":{"period":"2025-06-01 - 2025-09-30","adults":14.70},"low_season_oct_dec":{"period":"2025-10-01 - 2025-12-31","adults":13.60}},"extra_fees":{"adult_landing_tax_high_season":2.50,"port_tax":1.80},"contacts":{"email":"termoli.nave@nlg.it","phone":"+39 0875 704 859","call_center":"+39 375 587 22 44"},"ticket_url":"https://tremitinow.it/cGFnZS8xMA=="}
