{"services":[{"vessel":"Nave","duration_minutes":null,"periods":[{"from":"2025-04-01","to":"2025-05-31","notes":"Partenze solo da Vieste e Peschici (vedi Excel allegato per date specifiche)"},{"from":"2025-06-01","to":"2025-09-30","notes":"Partenze da Vieste, Peschici e Rodi Garganico"}],"schedules":[{"direction":"Da Peschici -> Isole Tremiti","days":["Martedì","Giovedì","Sabato"],"departure_time":"09:10","arrival_time":null,"departure_time_tremiti":"16:30","pricing":{"low_season":{"adult":40.00,"child":27.00,"group":null,"adult_details":"€23.50 (arrivo) + €16.50 (partenza)","child_details":"€17.00 (arrivo) + €10.00 (partenza)"},"high_season":{"from":"2025-08-05","to":"2025-08-29","adult":44.00,"child":29.00,"group":null,"adult_details":"€25.50 (arrivo) + €18.50 (partenza)","child_details":"€18.00 (arrivo) + €11.00 (partenza)"}},"extra_fees":null,"contacts":null,"ticket_url":"https://tremitinow.it/cGFnZS8zOA=="},{"direction":"Da Vieste -> Isole Tremiti","days":["Lunedì","Mercoledì","Venerdì","Domenica"],"departure_time":"08:30","arrival_time":null,"departure_time_tremiti":"16:30","pricing":{"low_season":{"adult":40.00,"child":27.00,"group":null,"adult_details":"€23.50 (arrivo) + €16.50 (partenza)","child_details":"€17.00 (arrivo) + €10.00 (partenza)"},"high_season":{"from":"2025-08-05","to":"2025-08-29","adult":44.00,"child":29.00,"group":null,"adult_details":"€25.50 (arrivo) + €18.50 (partenza)","child_details":"€18.00 (arrivo) + €11.00 (partenza)"}},"extra_fees":null,"contacts":null,"ticket_url":"https://tremitinow.it/cGFnZS8zOA=="},{"direction":"Da Rodi Garganico -> Isole Tremiti","days":["Martedì","Giovedì","Sabato"],"departure_time":"08:40","arrival_time":null,"departure_time_tremiti":"16:30","pricing":{"low_season":{"adult":40.00,"child":27.00,"group":null,"adult_details":"€23.50 (arrivo) + €16.50 (partenza)","child_details":"€17.00 (arrivo) + €10.00 (partenza)"},"high_season":{"from":"2025-08-05","to":"2025-08-29","adult":44.00,"child":29.00,"group":null,"adult_details":"€25.50 (arrivo) + €18.50 (partenza)","child_details":"€18.00 (arrivo) + €11.00 (partenza)"}},"extra_fees":null,"contacts":null,"ticket_url":"https://tremitinow.it/cGFnZS8zOA=="},{"direction":"Da Grotta delle Peschici -> Isole Tremiti","days":["Martedì","Giovedì","Sabato"],"departure_time":"09:00","arrival_time":null,"departure_time_tremiti":"16:30","pricing":{"low_season":{"adult":40.00,"child":27.00,"group":null,"adult_details":"€23.50 (arrivo) + €16.50 (partenza)","child_details":"€17.00 (arrivo) + €10.00 (partenza)"},"high_season":{"from":"2025-08-05","to":"2025-08-29","adult":44.00,"child":29.00,"group":null,"adult_details":"€25.50 (arrivo) + €18.50 (partenza)","child_details":"€18.00 (arrivo) + €11.00 (partenza)"}},"extra_fees":null,"contacts":null,"ticket_url":"https://tremitinow.it/cGFnZS8zOA=="},{"direction":"Dalle Isole Tremiti -> Peschici","days":["All"],"departure_time":"16:30","arrival_time":null,"pricing":{"low_season":{"adult":16.50,"child":10.00,"group":null},"high_season":{"from":"2025-08-05","to":"2025-08-29","adult":18.50,"child":11.00,"group":null}},"extra_fees":null,"contacts":null,"ticket_url":"https://tremitinow.it/cGFnZS8zOA=="},{"direction":"Dalle Isole Tremiti -> Vieste","days":["All"],"departure_time":"16:30","arrival_time":null,"pricing":{"low_season":{"adult":16.50,"child":10.00,"group":null},"high_season":{"from":"2025-08-05","to":"2025-08-29","adult":18.50,"child":11.00,"group":null}},"extra_fees":null,"contacts":null,"ticket_url":"https://tremitinow.it/cGFnZS8zOA=="},{"direction":"Dalle Isole Tremiti -> Rodi Garganico","days":["All"],"departure_time":"16:30","arrival_time":null,"pricing":{"low_season":{"adult":16.50,"child":10.00,"group":null},"high_season":{"from":"2025-08-05","to":"2025-08-29","adult":18.50,"child":11.00,"group":null}},"extra_fees":null,"contacts":null,"ticket_url":"https://tremitinow.it/cGFnZS8zOA=="},{"direction":"Dalle Isole Tremiti -> Grotta delle Peschici","days":["All"],"departure_time":"16:30","arrival_time":null,"pricing":{"low_season":{"adult":16.50,"child":10.00,"group":null},"high_season":{"from":"2025-08-05","to":"2025-08-29","adult":18.50,"child":11.00,"group":null}},"extra_fees":null,"contacts":null,"ticket_url":"https://tremitinow.it/cGFnZS8zOA=="}]}]}
