[{"utils":{"ticket_url":"https://tremitinow.it/cGFnZS81"}},{"periodo_voli":"01/01 - 24/03","foggia_tremiti":[{"volo":101,"partenza":"08:40","arrivo":"09:00"},{"volo":111,"partenza":"08:40","arrivo":"09:30"},{"volo":103,"partenza":"15:10","arrivo":"15:30"}],"tremiti_foggia":[{"volo":102,"partenza":"09:10","arrivo":"09:30","frequenza":"MMG-SD","tariffa":"BS"},{"volo":102,"partenza":"09:40","arrivo":"10:00","frequenza":"L--V--","tariffa":"BS"},{"volo":104,"partenza":"15:40","arrivo":"16:00","frequenza":"MMG-SD","tariffa":"BS"},{"volo":112,"partenza":"15:40","arrivo":"16:30","frequenza":"L--V--","tariffa":"BS"}],"tariffa_bassa_stagione":{"periodo":"Dal 01/01 al 14/06 e dal 16/09 al 31/12","adulto":{"prezzo_singola_tratta":31.75,"costi_accessori":[{"descrizione":"partenze da Foggia","costo":13.91},{"descrizione":"partenze da altri eliporti","costo":7.41},{"descrizione":"sbarco a Tremiti","costo":2.50}],"dettaglio_costi":[{"descrizione":"imbarco","costo":3.59},{"descrizione":"servizi accessori","costo":6.50},{"descrizione":"sicurezza","costo":1.81},{"descrizione":"controllo bagagli fisso","costo":1.30},{"descrizione":"controllo bagagli var.","costo":0.37},{"descrizione":"passeggeri mobilità rid.","costo":0.34}]},"bambino":{"eta":"2-11 anni","prezzo_singola_tratta":15.87,"costi_accessori":[{"descrizione":"partenze da Foggia","costo":12.12},{"descrizione":"partenze da altri eliporti","costo":5.62},{"descrizione":"sbarco a Tremiti (dai 10 anni in su)","costo":2.50}],"dettaglio_costi":[{"descrizione":"imbarco","costo":1.80},{"descrizione":"servizi accessori","costo":6.50},{"descrizione":"sicurezza","costo":1.81},{"descrizione":"controllo bagagli fisso","costo":1.30},{"descrizione":"controllo bagagli var.","costo":0.37},{"descrizione":"passeggeri mobilità rid.","costo":0.34}]},"neonato":{"eta":"0-23 mesi","prezzo_singola_tratta":3.17,"costi_accessori":[]},"animale_domestico":{"prezzo_singola_tratta":15.87,"costi_accessori":[]}}},{"periodo_voli":"25/03 - 14/06","foggia_tremiti":[{"volo":101,"partenza":"08:40","arrivo":"09:00"},{"volo":111,"partenza":"08:40","arrivo":"09:30"},{"volo":103,"partenza":"18:00","arrivo":"18:20"},{"volo":103,"partenza":"18:00","arrivo":"18:20"}],"tremiti_foggia":[{"volo":102,"partenza":"09:10","arrivo":"09:30","frequenza":"MMG--","tariffa":"BS"},{"volo":102,"partenza":"09:40","arrivo":"10:00","frequenza":"L--V--","tariffa":"BS"},{"volo":104,"partenza":"18:30","arrivo":"18:50","frequenza":"MMG-SD","tariffa":"BS"},{"volo":112,"partenza":"18:30","arrivo":"19:20","frequenza":"L--V--","tariffa":"BS"}]},{"periodo_voli":"15/06 - 20/09","foggia_tremiti":[{"volo":101,"partenza":"08:40","arrivo":"09:00"},{"volo":111,"partenza":"08:40","arrivo":"09:30"},{"volo":103,"partenza":"18:00","arrivo":"18:20"}],"tremiti_foggia":[{"volo":102,"partenza":"09:10","arrivo":"09:30","frequenza":"MMG--","tariffa":"AS"},{"volo":102,"partenza":"09:40","arrivo":"10:00","frequenza":"L-VSD","tariffa":"AS"},{"volo":104,"partenza":"18:30","arrivo":"18:50","frequenza":"MMG--","tariffa":"AS"},{"volo":112,"partenza":"18:30","arrivo":"19:20","frequenza":"L-VSD","tariffa":"AS"}],"tariffa_alta_stagione":{"periodo":"Dal 15/06 al 15/09","adulto":{"prezzo_singola_tratta":63.50,"costi_accessori":[{"descrizione":"partenze da Foggia","costo":13.91},{"descrizione":"partenze da altri eliporti","costo":7.41},{"descrizione":"sbarco a Tremiti","costo":2.50}],"dettaglio_costi":[{"descrizione":"imbarco","costo":3.59},{"descrizione":"servizi accessori","costo":6.50},{"descrizione":"sicurezza","costo":1.81},{"descrizione":"controllo bagagli fisso","costo":1.30},{"descrizione":"controllo bagagli var.","costo":0.37},{"descrizione":"passeggeri mobilità rid.","costo":0.34}]},"bambino":{"eta":"2-11 anni","prezzo_singola_tratta":31.75,"costi_accessori":[{"descrizione":"partenze da Foggia","costo":12.12},{"descrizione":"partenze da altri eliporti","costo":5.62},{"descrizione":"sbarco a Tremiti (dai 10 anni in su)","costo":2.50}],"dettaglio_costi":[{"descrizione":"imbarco","costo":1.80},{"descrizione":"servizi accessori","costo":6.50},{"descrizione":"sicurezza","costo":1.81},{"descrizione":"controllo bagagli fisso","costo":1.30},{"descrizione":"controllo bagagli var.","costo":0.37},{"descrizione":"passeggeri mobilità rid.","costo":0.34}]},"neonato":{"eta":"0-23 mesi","prezzo_singola_tratta":6.35,"costi_accessori":[]},"animale_domestico":{"prezzo_singola_tratta":31.75,"costi_accessori":[]}}},{"periodo_voli":"15/06 - 15/09","foggia_tremiti":[{"volo":201,"partenza":"11:00","arrivo":"11:20"},{"volo":203,"partenza":"16:00","arrivo":"16:20"}],"tremiti_foggia":[{"volo":202,"partenza":"11:30","arrivo":"11:50","frequenza":"LMMGVSD","tariffa":"AS"},{"volo":204,"partenza":"16:30","arrivo":"16:50","frequenza":"LMMGVSD","tariffa":"AS"}]},{"periodo_voli":"21/09 - 31/12","foggia_tremiti":[{"volo":101,"partenza":"08:40","arrivo":"09:00"},{"volo":111,"partenza":"08:40","arrivo":"09:30"},{"volo":103,"partenza":"15:10","arrivo":"15:30"},{"volo":103,"partenza":"15:10","arrivo":"15:30"}],"tremiti_foggia":[{"volo":102,"partenza":"09:10","arrivo":"09:30","frequenza":"MMG-SD","tariffa":"BS"},{"volo":102,"partenza":"09:40","arrivo":"10:00","frequenza":"L--V--","tariffa":"BS"},{"volo":104,"partenza":"15:40","arrivo":"16:00","frequenza":"MMG-SD","tariffa":"BS"},{"volo":112,"partenza":"15:40","arrivo":"16:30","frequenza":"L--V--","tariffa":"BS"}]},{"periodo_voli":"25/12","foggia_tremiti":[{"volo":101,"partenza":"12:00","arrivo":"12:20"}],"tremiti_foggia":[{"volo":102,"partenza":"12:30","arrivo":"12:50","frequenza":"-----V-","tariffa":"BS"}]}]
